image_filename,relative_path,subject,year,section,question_no,question_type,correct_answer,marks,negative_marks,usable
CSE_001.png,CSE/CSE/CSE_001.png,CSE,,CSE,1,MCQ,C,,,yes
CSE_002.png,CSE/CSE/CSE_002.png,CSE,,CSE,2,MCQ,B,,,yes
CSE_003.png,CSE/CSE/CSE_003.png,CSE,,CSE,3,MCQ,D,,,yes
CSE_004.png,CSE/CSE/CSE_004.png,CSE,,CSE,4,MCQ,C,,,yes
CSE_005.png,CSE/CSE/CSE_005.png,CSE,,CSE,5,MCQ,A,,,yes
CSE_006.png,CSE/CSE/CSE_006.png,CSE,,CSE,6,MCQ,C,,,yes
CSE_007.png,CSE/CSE/CSE_007.png,CSE,,CSE,7,MCQ,D,,,yes
CSE_008.png,CSE/CSE/CSE_008.png,CSE,,CSE,8,MCQ,A,,,yes
CSE_009.png,CSE/CSE/CSE_009.png,CSE,,CSE,9,NAT,3,,,yes
CSE_010.png,CSE/CSE/CSE_010.png,CSE,,CSE,10,MCQ,A,,,yes
CSE_011.png,CSE/CSE/CSE_011.png,CSE,,CSE,11,NAT,-5,,,yes
CSE_012.png,CSE/CSE/CSE_012.png,CSE,,CSE,12,NAT,4,,,yes
CSE_013.png,CSE/CSE/CSE_013.png,CSE,,CSE,13,MCQ,B,,,yes
CSE_014.png,CSE/CSE/CSE_014.png,CSE,,CSE,14,MCQ,C,,,yes
CSE_015.png,CSE/CSE/CSE_015.png,CSE,,CSE,15,MCQ,C,,,yes
CSE_016.png,CSE/CSE/CSE_016.png,CSE,,CSE,16,MCQ,C,,,yes
CSE_017.png,CSE/CSE/CSE_017.png,CSE,,CSE,17,MCQ,A,,,yes
CSE_018.png,CSE/CSE/CSE_018.png,CSE,,CSE,18,NAT,5,,,yes
CSE_019.png,CSE/CSE/CSE_019.png,CSE,,CSE,19,MCQ,B,,,yes
CSE_020.png,CSE/CSE/CSE_020.png,CSE,,CSE,20,MCQ,D,,,yes
CSE_021.png,CSE/CSE/CSE_021.png,CSE,,CSE,21,MCQ,C,,,yes
CSE_022.png,CSE/CSE/CSE_022.png,CSE,,CSE,22,MCQ,B,,,yes
CSE_023.png,CSE/CSE/CSE_023.png,CSE,,CSE,23,MCQ,B,,,yes
CSE_024.png,CSE/CSE/CSE_024.png,CSE,,CSE,24,MCQ,C,,,yes
CSE_025.png,CSE/CSE/CSE_025.png,CSE,,CSE,25,MCQ,A,,,yes
CSE_026.png,CSE/CSE/CSE_026.png,CSE,,CSE,26,NAT,0.99,,,yes
CSE_027.png,CSE/CSE/CSE_027.png,CSE,,CSE,27,NAT,2,,,yes
CSE_028.png,CSE/CSE/CSE_028.png,CSE,,CSE,28,MCQ,A,,,yes
CSE_029.png,CSE/CSE/CSE_029.png,CSE,,CSE,29,NAT,0.7428,,,yes
CSE_030.png,CSE/CSE/CSE_030.png,CSE,,CSE,30,NAT,10,,,yes
CSE_031.png,CSE/CSE/CSE_031.png,CSE,,CSE,31,MCQ,D,,,yes
CSE_032.png,CSE/CSE/CSE_032.png,CSE,,CSE,32,MCQ,B,,,yes
CSE_033.png,CSE/CSE/CSE_033.png,CSE,,CSE,33,MCQ,B,,,yes
CSE_034.png,CSE/CSE/CSE_034.png,CSE,,CSE,34,MCQ,D,,,yes
CSE_035.png,CSE/CSE/CSE_035.png,CSE,,CSE,35,MCQ,A,,,yes
CSE_036.png,CSE/CSE/CSE_036.png,CSE,,CSE,36,MCQ,C,,,yes
CSE_037.png,CSE/CSE/CSE_037.png,CSE,,CSE,37,MCQ,D,,,yes
CSE_038.png,CSE/CSE/CSE_038.png,CSE,,CSE,38,NAT,3.2,,,yes
CSE_039.png,CSE/CSE/CSE_039.png,CSE,,CSE,39,MCQ,B,,,yes
CSE_040.png,CSE/CSE/CSE_040.png,CSE,,CSE,40,MCQ,B,,,yes
CSE_041.png,CSE/CSE/CSE_041.png,CSE,,CSE,41,NAT,4,,,yes
CSE_042.png,CSE/CSE/CSE_042.png,CSE,,CSE,42,NAT,5,,,no
CSE_043.png,CSE/CSE/CSE_043.png,CSE,,CSE,43,NAT,69,,,yes
CSE_044.png,CSE/CSE/CSE_044.png,CSE,,CSE,44,NAT,-1,,,yes
CSE_045.png,CSE/CSE/CSE_045.png,CSE,,CSE,45,MCQ,D,,,yes
CSE_046.png,CSE/CSE/CSE_046.png,CSE,,CSE,46,NAT,12,,,yes
CSE_047.png,CSE/CSE/CSE_047.png,CSE,,CSE,47,MCQ,A,,,yes
CSE_048.png,CSE/CSE/CSE_048.png,CSE,,CSE,48,NAT,14020,,,yes
CSE_049.png,CSE/CSE/CSE_049.png,CSE,,CSE,49,MCQ,A,,,yes
CSE_050.png,CSE/CSE/CSE_050.png,CSE,,CSE,50,MCQ,C,,,yes
CSE_051.png,CSE/CSE/CSE_051.png,CSE,,CSE,51,MCQ,B,,,yes
CSE_052.png,CSE/CSE/CSE_052.png,CSE,,CSE,52,NAT,1,,,yes
CSE_053.png,CSE/CSE/CSE_053.png,CSE,,CSE,53,NAT,320 bytes,,,yes
CSE_054.png,CSE/CSE/CSE_054.png,CSE,,CSE,54,NAT,24,,,yes
CSE_055.png,CSE/CSE/CSE_055.png,CSE,,CSE,55,NAT,5,,,yes
CSE_056.png,CSE/CSE/CSE_056.png,CSE,,CSE,56,MCQ,C,,,yes
CSE_057.png,CSE/CSE/CSE_057.png,CSE,,CSE,57,NAT,2048,,,yes
CSE_058.png,CSE/CSE/CSE_058.png,CSE,,CSE,58,MCQ,D,,,yes
CSE_059.png,CSE/CSE/CSE_059.png,CSE,,CSE,59,NAT,36,,,yes
CSE_060.png,CSE/CSE/CSE_060.png,CSE,,CSE,60,NAT,6,,,yes
CSE_061.png,CSE/CSE/CSE_061.png,CSE,,CSE,61,MCQ,D,,,yes
CSE_062.png,CSE/CSE/CSE_062.png,CSE,,CSE,62,NAT,3,,,yes
CSE_063.png,CSE/CSE/CSE_063.png,CSE,,CSE,63,NAT,14,,,yes
CSE_064.png,CSE/CSE/CSE_064.png,CSE,,CSE,64,NAT,22,,,yes
CSE_065.png,CSE/CSE/CSE_065.png,CSE,,CSE,65,MCQ,D,,,yes
CSE_066.png,CSE/CSE/CSE_066.png,CSE,,CSE,66,MCQ,D,,,yes
CSE_067.png,CSE/CSE/CSE_067.png,CSE,,CSE,67,MCQ,A,,,yes
CSE_068.png,CSE/CSE/CSE_068.png,CSE,,CSE,68,NAT,19,,,yes
CSE_069.png,CSE/CSE/CSE_069.png,CSE,,CSE,69,NAT,51,,,yes
CSE_070.png,CSE/CSE/CSE_070.png,CSE,,CSE,70,MCQ,C,,,yes
CSE_071.png,CSE/CSE/CSE_071.png,CSE,,CSE,71,MCQ,A,,,yes
CSE_072.png,CSE/CSE/CSE_072.png,CSE,,CSE,72,MCQ,C,,,yes
CSE_073.png,CSE/CSE/CSE_073.png,CSE,,CSE,73,MCQ,C,,,yes
CSE_074.png,CSE/CSE/CSE_074.png,CSE,,CSE,74,MCQ,A,,,yes
CSE_075.png,CSE/CSE/CSE_075.png,CSE,,CSE,75,MCQ,D,,,yes
CSE_076.png,CSE/CSE/CSE_076.png,CSE,,CSE,76,MCQ,B,,,yes
CSE_077.png,CSE/CSE/CSE_077.png,CSE,,CSE,77,NAT,5,,,no
CSE_078.png,CSE/CSE/CSE_078.png,CSE,,CSE,78,MCQ,B,,,yes
CSE_079.png,CSE/CSE/CSE_079.png,CSE,,CSE,79,NAT,12,,,yes
CSE_080.png,CSE/CSE/CSE_080.png,CSE,,CSE,80,MCQ,A,,,yes
CSE_081.png,CSE/CSE/CSE_081.png,CSE,,CSE,81,MCQ,A,,,yes
CSE_082.png,CSE/CSE/CSE_082.png,CSE,,CSE,82,MCQ,C,,,yes
CSE_083.png,CSE/CSE/CSE_083.png,CSE,,CSE,83,MCQ,C,,,yes
CSE_084.png,CSE/CSE/CSE_084.png,CSE,,CSE,84,MCQ,A,,,yes
CSE_085.png,CSE/CSE/CSE_085.png,CSE,,CSE,85,MCQ,A,,,yes
CSE_086.png,CSE/CSE/CSE_086.png,CSE,,CSE,86,MCQ,A,,,yes
CSE_087.png,CSE/CSE/CSE_087.png,CSE,,CSE,87,NAT,6.1 to 6.2,,,yes
CSE_088.png,CSE/CSE/CSE_088.png,CSE,,CSE,88,NAT,36,,,yes
CSE_089.png,CSE/CSE/CSE_089.png,CSE,,CSE,89,MCQ,B,,,yes
CSE_090.png,CSE/CSE/CSE_090.png,CSE,,CSE,90,NAT,3,,,yes
CSE_091.png,CSE/CSE/CSE_091.png,CSE,,CSE,91,MCQ,A,,,yes
CSE_092.png,CSE/CSE/CSE_092.png,CSE,,CSE,92,MCQ,C,,,yes
CSE_093.png,CSE/CSE/CSE_093.png,CSE,,CSE,93,NAT,5,,,yes
CSE_094.png,CSE/CSE/CSE_094.png,CSE,,CSE,94,MCQ,A,,,yes
CSE_095.png,CSE/CSE/CSE_095.png,CSE,,CSE,95,MCQ,B,,,yes
CSE_096.png,CSE/CSE/CSE_096.png,CSE,,CSE,96,NAT,15,,,no
CSE_097.png,CSE/CSE/CSE_097.png,CSE,,CSE,97,NAT,UNKNOWN,,,no
CSE_098.png,CSE/CSE/CSE_098.png,CSE,,CSE,98,NAT,13,,,yes
CSE_099.png,CSE/CSE/CSE_099.png,CSE,,CSE,99,MCQ,D,,,yes
CSE_100.png,CSE/CSE/CSE_100.png,CSE,,CSE,100,NAT,0.95,,,yes
CSE_101.png,CSE/CSE/CSE_101.png,CSE,,CSE,101,MCQ,C,,,yes
CSE_102.png,CSE/CSE/CSE_102.png,CSE,,CSE,102,MCQ,D,,,yes
CSE_103.png,CSE/CSE/CSE_103.png,CSE,,CSE,103,MCQ,B,,,yes
CSE_104.png,CSE/CSE/CSE_104.png,CSE,,CSE,104,MCQ,C,,,yes
CSE_105.png,CSE/CSE/CSE_105.png,CSE,,CSE,105,MCQ,C,,,yes
CSE_106.png,CSE/CSE/CSE_106.png,CSE,,CSE,106,NAT,19.2,,,yes
CSE_107.png,CSE/CSE/CSE_107.png,CSE,,CSE,107,MCQ,A,,,yes
CSE_108.png,CSE/CSE/CSE_108.png,CSE,,CSE,108,MCQ,D,,,yes
CSE_109.png,CSE/CSE/CSE_109.png,CSE,,CSE,109,MCQ,C,,,yes
CSE_110.png,CSE/CSE/CSE_110.png,CSE,,CSE,110,MCQ,D,,,yes
CSE_111.png,CSE/CSE/CSE_111.png,CSE,,CSE,111,MCQ,C,,,yes
CSE_112.png,CSE/CSE/CSE_112.png,CSE,,CSE,112,MCQ,B,,,yes
CSE_113.png,CSE/CSE/CSE_113.png,CSE,,CSE,113,NAT,612 to 613,,,yes
CSE_114.png,CSE/CSE/CSE_114.png,CSE,,CSE,114,MCQ,B,,,yes
CSE_115.png,CSE/CSE/CSE_115.png,CSE,,CSE,115,MCQ,A,,,yes
CSE_116.png,CSE/CSE/CSE_116.png,CSE,,CSE,116,MCQ,C,,,yes
CSE_117.png,CSE/CSE/CSE_117.png,CSE,,CSE,117,NAT,199,,,yes
CSE_118.png,CSE/CSE/CSE_118.png,CSE,,CSE,118,NAT,UNKNOWN,,,no
CSE_119.png,CSE/CSE/CSE_119.png,CSE,,CSE,119,MCQ,A,,,yes
CSE_120.png,CSE/CSE/CSE_120.png,CSE,,CSE,120,MCQ,A,,,yes
CSE_121.png,CSE/CSE/CSE_121.png,CSE,,CSE,121,NAT,15,,,yes
CSE_122.png,CSE/CSE/CSE_122.png,CSE,,CSE,122,MCQ,A,,,yes
CSE_123.png,CSE/CSE/CSE_123.png,CSE,,CSE,123,MCQ,B,,,yes
CSE_124.png,CSE/CSE/CSE_124.png,CSE,,CSE,124,MCQ,C,,,yes
CSE_125.png,CSE/CSE/CSE_125.png,CSE,,CSE,125,MCQ,A,,,yes
CSE_126.png,CSE/CSE/CSE_126.png,CSE,,CSE,126,MCQ,D,,,yes
CSE_127.png,CSE/CSE/CSE_127.png,CSE,,CSE,127,MCQ,A,,,yes
CSE_128.png,CSE/CSE/CSE_128.png,CSE,,CSE,128,MCQ,B,,,yes
CSE_129.png,CSE/CSE/CSE_129.png,CSE,,CSE,129,NAT,28,,,yes
CSE_130.png,CSE/CSE/CSE_130.png,CSE,,CSE,130,MCQ,A,,,yes
CSE_131.png,CSE/CSE/CSE_131.png,CSE,,CSE,131,MCQ,D,,,yes
CSE_132.png,CSE/CSE/CSE_132.png,CSE,,CSE,132,NAT,309.33,,,yes
CSE_133.png,CSE/CSE/CSE_133.png,CSE,,CSE,133,MCQ,B,,,yes
CSE_134.png,CSE/CSE/CSE_134.png,CSE,,CSE,134,MCQ,B,,,yes
CSE_135.png,CSE/CSE/CSE_135.png,CSE,,CSE,135,NAT,50,,,yes
CSE_136.png,CSE/CSE/CSE_136.png,CSE,,CSE,136,MCQ,C,,,yes
CSE_137.png,CSE/CSE/CSE_137.png,CSE,,CSE,137,MCQ,C,,,yes
CSE_138.png,CSE/CSE/CSE_138.png,CSE,,CSE,138,NAT,230,,,no
CSE_139.png,CSE/CSE/CSE_139.png,CSE,,CSE,139,NAT,140,,,no
CSE_140.png,CSE/CSE/CSE_140.png,CSE,,CSE,140,MCQ,A,,,yes
CSE_141.png,CSE/CSE/CSE_141.png,CSE,,CSE,141,MCQ,D,,,yes
CSE_142.png,CSE/CSE/CSE_142.png,CSE,,CSE,142,NAT,158,,,yes
CSE_143.png,CSE/CSE/CSE_143.png,CSE,,CSE,143,NAT,8,,,yes
CSE_144.png,CSE/CSE/CSE_144.png,CSE,,CSE,144,NAT,3,,,yes
CSE_145.png,CSE/CSE/CSE_145.png,CSE,,CSE,145,MCQ,B,,,yes
CSE_146.png,CSE/CSE/CSE_146.png,CSE,,CSE,146,MCQ,C,,,yes
CSE_147.png,CSE/CSE/CSE_147.png,CSE,,CSE,147,MCQ,B,,,yes
CSE_148.png,CSE/CSE/CSE_148.png,CSE,,CSE,148,MCQ,C,,,yes
CSE_149.png,CSE/CSE/CSE_149.png,CSE,,CSE,149,NAT,10,,,yes
CSE_150.png,CSE/CSE/CSE_150.png,CSE,,CSE,150,NAT,UNKNOWN,,,yes
CSE_151.png,CSE/CSE/CSE_151.png,CSE,,CSE,151,NAT,995,,,yes
CSE_152.png,CSE/CSE/CSE_152.png,CSE,,CSE,152,NAT,1575,,,yes
CSE_153.png,CSE/CSE/CSE_153.png,CSE,,CSE,153,MCQ,C,,,yes
CSE_154.png,CSE/CSE/CSE_154.png,CSE,,CSE,154,MCQ,A,,,yes
CSE_155.png,CSE/CSE/CSE_155.png,CSE,,CSE,155,NAT,5,,,yes
CSE_156.png,CSE/CSE/CSE_156.png,CSE,,CSE,156,MCQ,C,,,yes
CSE_157.png,CSE/CSE/CSE_157.png,CSE,,CSE,157,NAT,0.75,,,yes
CSE_158.png,CSE/CSE/CSE_158.png,CSE,,CSE,158,NAT,3,,,yes
CSE_159.png,CSE/CSE/CSE_159.png,CSE,,CSE,159,NAT,0,,,yes
CSE_160.png,CSE/CSE/CSE_160.png,CSE,,CSE,160,MCQ,D,,,yes
CSE_161.png,CSE/CSE/CSE_161.png,CSE,,CSE,161,MCQ,B,,,yes
CSE_162.png,CSE/CSE/CSE_162.png,CSE,,CSE,162,NAT,11,,,yes
CSE_163.png,CSE/CSE/CSE_163.png,CSE,,CSE,163,MCQ,B,,,yes
CSE_164.png,CSE/CSE/CSE_164.png,CSE,,CSE,164,NAT,1,,,yes
CSE_165.png,CSE/CSE/CSE_165.png,CSE,,CSE,165,NAT,0.5,,,yes
CSE_166.png,CSE/CSE/CSE_166.png,CSE,,CSE,166,NAT,15,,,yes
CSE_167.png,CSE/CSE/CSE_167.png,CSE,,CSE,167,MCQ,A,,,yes
CSE_168.png,CSE/CSE/CSE_168.png,CSE,,CSE,168,NAT,-11,,,yes
CSE_169.png,CSE/CSE/CSE_169.png,CSE,,CSE,169,NAT,3 or 4,,,yes
CSE_170.png,CSE/CSE/CSE_170.png,CSE,,CSE,170,NAT,31,,,yes
CSE_171.png,CSE/CSE/CSE_171.png,CSE,,CSE,171,MCQ,A,,,yes
CSE_172.png,CSE/CSE/CSE_172.png,CSE,,CSE,172,NAT,6,,,no
CSE_173.png,CSE/CSE/CSE_173.png,CSE,,CSE,173,MCQ,D,,,yes
CSE_174.png,CSE/CSE/CSE_174.png,CSE,,CSE,174,MCQ,D,,,yes
CSE_175.png,CSE/CSE/CSE_175.png,CSE,,CSE,175,MCQ,A,,,yes
CSE_176.png,CSE/CSE/CSE_176.png,CSE,,CSE,176,NAT,2016,,,no
CSE_177.png,CSE/CSE/CSE_177.png,CSE,,CSE,177,MCQ,D,,,yes
CSE_178.png,CSE/CSE/CSE_178.png,CSE,,CSE,178,MCQ,C,,,yes
CSE_179.png,CSE/CSE/CSE_179.png,CSE,,CSE,179,MCQ,B,,,yes
CSE_180.png,CSE/CSE/CSE_180.png,CSE,,CSE,180,NAT,10,,,no
CSE_181.png,CSE/CSE/CSE_181.png,CSE,,CSE,181,MCQ,A,,,yes
CSE_182.png,CSE/CSE/CSE_182.png,CSE,,CSE,182,MCQ,B,,,yes
CSE_183.png,CSE/CSE/CSE_183.png,CSE,,CSE,183,MCQ,D,,,yes
CSE_184.png,CSE/CSE/CSE_184.png,CSE,,CSE,184,MCQ,B,,,yes
CSE_185.png,CSE/CSE/CSE_185.png,CSE,,CSE,185,MCQ,C,,,yes
CSE_186.png,CSE/CSE/CSE_186.png,CSE,,CSE,186,MCQ,C,,,yes
CSE_187.png,CSE/CSE/CSE_187.png,CSE,,CSE,187,NAT,10,,,yes
CSE_188.png,CSE/CSE/CSE_188.png,CSE,,CSE,188,NAT,197.9 to 198.1,,,yes
CSE_189.png,CSE/CSE/CSE_189.png,CSE,,CSE,189,NAT,2,,,yes
CSE_190.png,CSE/CSE/CSE_190.png,CSE,,CSE,190,NAT,0.33 to 0.34,,,yes
CSE_191.png,CSE/CSE/CSE_191.png,CSE,,CSE,191,MCQ,D,,,yes
CSE_192.png,CSE/CSE/CSE_192.png,CSE,,CSE,192,NAT,456,,,yes
CSE_193.png,CSE/CSE/CSE_193.png,CSE,,CSE,193,NAT,33 to 34,,,yes
CSE_194.png,CSE/CSE/CSE_194.png,CSE,,CSE,194,MCQ,B,,,yes
CSE_195.png,CSE/CSE/CSE_195.png,CSE,,CSE,195,MCQ,D,,,yes
CSE_196.png,CSE/CSE/CSE_196.png,CSE,,CSE,196,MCQ,A,,,yes
CSE_197.png,CSE/CSE/CSE_197.png,CSE,,CSE,197,MCQ,D,,,yes
CSE_198.png,CSE/CSE/CSE_198.png,CSE,,CSE,198,MCQ,B,,,yes
CSE_199.png,CSE/CSE/CSE_199.png,CSE,,CSE,199,NAT,12,,,no
CSE_200.png,CSE/CSE/CSE_200.png,CSE,,CSE,200,NAT,7,,,yes
CSE_201.png,CSE/CSE/CSE_201.png,CSE,,CSE,201,MCQ,B,,,yes
CSE_202.png,CSE/CSE/CSE_202.png,CSE,,CSE,202,NAT,256,,,yes
CSE_203.png,CSE/CSE/CSE_203.png,CSE,,CSE,203,MCQ,D,,,yes
CSE_204.png,CSE/CSE/CSE_204.png,CSE,,CSE,204,MCQ,D,,,yes
CSE_205.png,CSE/CSE/CSE_205.png,CSE,,CSE,205,MCQ,C,,,yes
CSE_206.png,CSE/CSE/CSE_206.png,CSE,,CSE,206,NAT,9,,,yes
CSE_207.png,CSE/CSE/CSE_207.png,CSE,,CSE,207,MCQ,C,,,yes
CSE_208.png,CSE/CSE/CSE_208.png,CSE,,CSE,208,NAT,384,,,yes
CSE_209.png,CSE/CSE/CSE_209.png,CSE,,CSE,209,NAT,346,,,yes
CSE_210.png,CSE/CSE/CSE_210.png,CSE,,CSE,210,NAT,1,,,yes
CSE_211.png,CSE/CSE/CSE_211.png,CSE,,CSE,211,MCQ,A,,,yes
CSE_212.png,CSE/CSE/CSE_212.png,CSE,,CSE,212,MCQ,A,,,yes
CSE_213.png,CSE/CSE/CSE_213.png,CSE,,CSE,213,MCQ,B,,,yes
CSE_214.png,CSE/CSE/CSE_214.png,CSE,,CSE,214,NAT,13,,,yes
CSE_215.png,CSE/CSE/CSE_215.png,CSE,,CSE,215,NAT,1.1,,,yes
CSE_216.png,CSE/CSE/CSE_216.png,CSE,,CSE,216,NAT,2500,,,yes
CSE_217.png,CSE/CSE/CSE_217.png,CSE,,CSE,217,NAT,4,,,yes
CSE_218.png,CSE/CSE/CSE_218.png,CSE,,CSE,218,NAT,9,,,yes
CSE_219.png,CSE/CSE/CSE_219.png,CSE,,CSE,219,NAT,4,,,yes
CSE_220.png,CSE/CSE/CSE_220.png,CSE,,CSE,220,MCQ,C,,,yes
CSE_221.png,CSE/CSE/CSE_221.png,CSE,,CSE,221,NAT,0.55,,,yes
CSE_222.png,CSE/CSE/CSE_222.png,CSE,,CSE,222,NAT,0.125,,,yes
CSE_223.png,CSE/CSE/CSE_223.png,CSE,,CSE,223,NAT,-1,,,yes
CSE_224.png,CSE/CSE/CSE_224.png,CSE,,CSE,224,MCQ,C,,,yes
CSE_225.png,CSE/CSE/CSE_225.png,CSE,,CSE,225,NAT,1,,,yes
CSE_226.png,CSE/CSE/CSE_226.png,CSE,,CSE,226,NAT,16,,,yes
CSE_227.png,CSE/CSE/CSE_227.png,CSE,,CSE,227,NAT,31,,,yes
CSE_228.png,CSE/CSE/CSE_228.png,CSE,,CSE,228,NAT,30,,,yes
CSE_229.png,CSE/CSE/CSE_229.png,CSE,,CSE,229,MCQ,D,,,yes
CSE_230.png,CSE/CSE/CSE_230.png,CSE,,CSE,230,MCQ,C,,,yes
CSE_231.png,CSE/CSE/CSE_231.png,CSE,,CSE,231,MCQ,B,,,yes
CSE_232.png,CSE/CSE/CSE_232.png,CSE,,CSE,232,NAT,2,,,yes
CSE_233.png,CSE/CSE/CSE_233.png,CSE,,CSE,233,MCQ,C,,,yes
CSE_234.png,CSE/CSE/CSE_234.png,CSE,,CSE,234,MCQ,D,,,yes
CSE_235.png,CSE/CSE/CSE_235.png,CSE,,CSE,235,MCQ,B,,,yes
CSE_236.png,CSE/CSE/CSE_236.png,CSE,,CSE,236,MCQ,D,,,yes
CSE_237.png,CSE/CSE/CSE_237.png,CSE,,CSE,237,MCQ,A,,,yes
CSE_238.png,CSE/CSE/CSE_238.png,CSE,,CSE,238,MCQ,A,,,yes
CSE_239.png,CSE/CSE/CSE_239.png,CSE,,CSE,239,MCQ,A,,,yes
CSE_240.png,CSE/CSE/CSE_240.png,CSE,,CSE,240,MCQ,D,,,yes
CSE_241.png,CSE/CSE/CSE_241.png,CSE,,CSE,241,MCQ,C,,,yes
CSE_242.png,CSE/CSE/CSE_242.png,CSE,,CSE,242,MCQ,B,,,yes
CSE_243.png,CSE/CSE/CSE_243.png,CSE,,CSE,243,MCQ,D,,,yes
CSE_244.png,CSE/CSE/CSE_244.png,CSE,,CSE,244,MCQ,B,,,yes
CSE_245.png,CSE/CSE/CSE_245.png,CSE,,CSE,245,NAT,4,,,yes
CSE_246.png,CSE/CSE/CSE_246.png,CSE,,CSE,246,NAT,28,,,yes
CSE_247.png,CSE/CSE/CSE_247.png,CSE,,CSE,247,NAT,500,,,yes
CSE_248.png,CSE/CSE/CSE_248.png,CSE,,CSE,248,NAT,24,,,yes
CSE_249.png,CSE/CSE/CSE_249.png,CSE,,CSE,249,NAT,4,,,yes
CSE_250.png,CSE/CSE/CSE_250.png,CSE,,CSE,250,NAT,8,,,yes
CSE_251.png,CSE/CSE/CSE_251.png,CSE,,CSE,251,MCQ,C,,,yes
CSE_252.png,CSE/CSE/CSE_252.png,CSE,,CSE,252,MCQ,C,,,yes
CSE_253.png,CSE/CSE/CSE_253.png,CSE,,CSE,253,NAT,3,,,yes
CSE_254.png,CSE/CSE/CSE_254.png,CSE,,CSE,254,NAT,1500,,,yes
CSE_255.png,CSE/CSE/CSE_255.png,CSE,,CSE,255,NAT,2.32,,,yes
CSE_256.png,CSE/CSE/CSE_256.png,CSE,,CSE,256,NAT,64,,,yes
CSE_257.png,CSE/CSE/CSE_257.png,CSE,,CSE,257,MCQ,B,,,yes
CSE_258.png,CSE/CSE/CSE_258.png,CSE,,CSE,258,MCQ,B,,,yes
CSE_259.png,CSE/CSE/CSE_259.png,CSE,,CSE,259,MCQ,B,,,yes
CSE_260.png,CSE/CSE/CSE_260.png,CSE,,CSE,260,MCQ,C,,,yes
CSE_261.png,CSE/CSE/CSE_261.png,CSE,,CSE,261,MCQ,B,,,yes
CSE_262.png,CSE/CSE/CSE_262.png,CSE,,CSE,262,MCQ,A,,,yes
CSE_263.png,CSE/CSE/CSE_263.png,CSE,,CSE,263,NAT,8.2 to 8.3,,,yes
CSE_264.png,CSE/CSE/CSE_264.png,CSE,,CSE,264,MCQ,C,,,yes
CSE_265.png,CSE/CSE/CSE_265.png,CSE,,CSE,265,NAT,7,,,yes
CSE_266.png,CSE/CSE/CSE_266.png,CSE,,CSE,266,NAT,30,,,yes
CSE_267.png,CSE/CSE/CSE_267.png,CSE,,CSE,267,MCQ,C,,,yes
CSE_268.png,CSE/CSE/CSE_268.png,CSE,,CSE,268,NAT,2,,,yes
CSE_269.png,CSE/CSE/CSE_269.png,CSE,,CSE,269,NAT,200,,,yes
CSE_270.png,CSE/CSE/CSE_270.png,CSE,,CSE,270,MCQ,B,,,yes
CSE_271.png,CSE/CSE/CSE_271.png,CSE,,CSE,271,NAT,4,,,yes
CSE_272.png,CSE/CSE/CSE_272.png,CSE,,CSE,272,MCQ,D,,,yes
CSE_273.png,CSE/CSE/CSE_273.png,CSE,,CSE,273,MCQ,B,,,yes
CSE_274.png,CSE/CSE/CSE_274.png,CSE,,CSE,274,MCQ,C,,,yes
CSE_275.png,CSE/CSE/CSE_275.png,CSE,,CSE,275,MCQ,B,,,yes
CSE_276.png,CSE/CSE/CSE_276.png,CSE,,CSE,276,MCQ,B,,,yes
CSE_277.png,CSE/CSE/CSE_277.png,CSE,,CSE,277,MCQ,C,,,yes
CSE_278.png,CSE/CSE/CSE_278.png,CSE,,CSE,278,MCQ,B,,,yes
CSE_279.png,CSE/CSE/CSE_279.png,CSE,,CSE,279,MCQ,D,,,yes
CSE_280.png,CSE/CSE/CSE_280.png,CSE,,CSE,280,MCQ,B,,,yes
CSE_281.png,CSE/CSE/CSE_281.png,CSE,,CSE,281,MCQ,D,,,yes
CSE_282.png,CSE/CSE/CSE_282.png,CSE,,CSE,282,MCQ,D,,,yes
CSE_283.png,CSE/CSE/CSE_283.png,CSE,,CSE,283,MCQ,B,,,yes
CSE_284.png,CSE/CSE/CSE_284.png,CSE,,CSE,284,MCQ,A,,,yes
CSE_285.png,CSE/CSE/CSE_285.png,CSE,,CSE,285,MCQ,C,,,yes
CSE_286.png,CSE/CSE/CSE_286.png,CSE,,CSE,286,MCQ,D,,,yes
CSE_287.png,CSE/CSE/CSE_287.png,CSE,,CSE,287,NAT,0,,,yes
CSE_288.png,CSE/CSE/CSE_288.png,CSE,,CSE,288,NAT,18,,,yes
CSE_289.png,CSE/CSE/CSE_289.png,CSE,,CSE,289,NAT,1,,,yes
CSE_290.png,CSE/CSE/CSE_290.png,CSE,,CSE,290,NAT,4,,,yes
CSE_291.png,CSE/CSE/CSE_291.png,CSE,,CSE,291,NAT,2.6,,,yes
CSE_292.png,CSE/CSE/CSE_292.png,CSE,,CSE,292,NAT,3,,,yes
CSE_293.png,CSE/CSE/CSE_293.png,CSE,,CSE,293,NAT,0.05,,,yes
CSE_294.png,CSE/CSE/CSE_294.png,CSE,,CSE,294,MCQ,A,,,yes
CSE_295.png,CSE/CSE/CSE_295.png,CSE,,CSE,295,MCQ,D,,,yes
CSE_296.png,CSE/CSE/CSE_296.png,CSE,,CSE,296,MCQ,C,,,yes
CSE_297.png,CSE/CSE/CSE_297.png,CSE,,CSE,297,MCQ,D,,,yes
CSE_298.png,CSE/CSE/CSE_298.png,CSE,,CSE,298,MCQ,A,,,yes
CSE_299.png,CSE/CSE/CSE_299.png,CSE,,CSE,299,MCQ,B,,,yes
CSE_300.png,CSE/CSE/CSE_300.png,CSE,,CSE,300,MCQ,C,,,yes
CSE_301.png,CSE/CSE/CSE_301.png,CSE,,CSE,301,MCQ,B,,,yes
CSE_302.png,CSE/CSE/CSE_302.png,CSE,,CSE,302,MCQ,D,,,yes
CSE_303.png,CSE/CSE/CSE_303.png,CSE,,CSE,303,MCQ,A,,,yes
CSE_304.png,CSE/CSE/CSE_304.png,CSE,,CSE,304,MCQ,C,,,yes
CSE_305.png,CSE/CSE/CSE_305.png,CSE,,CSE,305,MCQ,B,,,yes
CSE_306.png,CSE/CSE/CSE_306.png,CSE,,CSE,306,MCQ,A,,,yes
CSE_307.png,CSE/CSE/CSE_307.png,CSE,,CSE,307,MCQ,A,,,yes
CSE_308.png,CSE/CSE/CSE_308.png,CSE,,CSE,308,MCQ,B,,,yes
CSE_309.png,CSE/CSE/CSE_309.png,CSE,,CSE,309,MCQ,D,,,yes
CSE_310.png,CSE/CSE/CSE_310.png,CSE,,CSE,310,MCQ,A,,,yes
CSE_311.png,CSE/CSE/CSE_311.png,CSE,,CSE,311,NAT,1024,,,yes
CSE_312.png,CSE/CSE/CSE_312.png,CSE,,CSE,312,NAT,11,,,yes
CSE_313.png,CSE/CSE/CSE_313.png,CSE,,CSE,313,NAT,86.5 to 89.5,,,yes
CSE_314.png,CSE/CSE/CSE_314.png,CSE,,CSE,314,NAT,4,,,yes
CSE_315.png,CSE/CSE/CSE_315.png,CSE,,CSE,315,NAT,271,,,yes
CSE_316.png,CSE/CSE/CSE_316.png,CSE,,CSE,316,NAT,5,,,yes
CSE_317.png,CSE/CSE/CSE_317.png,CSE,,CSE,317,NAT,-16,,,yes
CSE_318.png,CSE/CSE/CSE_318.png,CSE,,CSE,318,NAT,1.49 to 1.52,,,yes
CSE_319.png,CSE/CSE/CSE_319.png,CSE,,CSE,319,NAT,76,,,yes
CSE_320.png,CSE/CSE/CSE_320.png,CSE,,CSE,320,NAT,2,,,yes
CSE_321.png,CSE/CSE/CSE_321.png,CSE,,CSE,321,NAT,3,,,yes
CSE_322.png,CSE/CSE/CSE_322.png,CSE,,CSE,322,NAT,14,,,yes
CSE_323.png,CSE/CSE/CSE_323.png,CSE,,CSE,323,NAT,23,,,no
CSE_324.png,CSE/CSE/CSE_324.png,CSE,,CSE,324,MCQ,B,,,yes
CSE_325.png,CSE/CSE/CSE_325.png,CSE,,CSE,325,MCQ,C,,,yes
CSE_326.png,CSE/CSE/CSE_326.png,CSE,,CSE,326,MCQ,A,,,yes
CSE_327.png,CSE/CSE/CSE_327.png,CSE,,CSE,327,MCQ,B,,,yes
CSE_328.png,CSE/CSE/CSE_328.png,CSE,,CSE,328,MCQ,D,,,yes
CSE_329.png,CSE/CSE/CSE_329.png,CSE,,CSE,329,MCQ,C,,,yes
CSE_330.png,CSE/CSE/CSE_330.png,CSE,,CSE,330,MCQ,C,,,yes
CSE_331.png,CSE/CSE/CSE_331.png,CSE,,CSE,331,MCQ,A,,,yes
CSE_332.png,CSE/CSE/CSE_332.png,CSE,,CSE,332,MCQ,C,,,yes
CSE_333.png,CSE/CSE/CSE_333.png,CSE,,CSE,333,MCQ,B,,,yes
CSE_334.png,CSE/CSE/CSE_334.png,CSE,,CSE,334,MCQ,C,,,yes
CSE_335.png,CSE/CSE/CSE_335.png,CSE,,CSE,335,MCQ,C,,,yes
CSE_336.png,CSE/CSE/CSE_336.png,CSE,,CSE,336,MCQ,B,,,yes
CSE_337.png,CSE/CSE/CSE_337.png,CSE,,CSE,337,NAT,0,,,yes
CSE_338.png,CSE/CSE/CSE_338.png,CSE,,CSE,338,NAT,9,,,yes
CSE_339.png,CSE/CSE/CSE_339.png,CSE,,CSE,339,NAT,0,,,yes
CSE_340.png,CSE/CSE/CSE_340.png,CSE,,CSE,340,NAT,2,,,yes
CSE_341.png,CSE/CSE/CSE_341.png,CSE,,CSE,341,NAT,16,,,yes
CSE_342.png,CSE/CSE/CSE_342.png,CSE,,CSE,342,NAT,8,,,yes
CSE_343.png,CSE/CSE/CSE_343.png,CSE,,CSE,343,NAT,8,,,yes
CSE_344.png,CSE/CSE/CSE_344.png,CSE,,CSE,344,MCQ,A,,,yes
CSE_345.png,CSE/CSE/CSE_345.png,CSE,,CSE,345,MCQ,C,,,yes
CSE_346.png,CSE/CSE/CSE_346.png,CSE,,CSE,346,MCQ,A,,,yes
CSE_347.png,CSE/CSE/CSE_347.png,CSE,,CSE,347,MCQ,A,,,yes
CSE_348.png,CSE/CSE/CSE_348.png,CSE,,CSE,348,MCQ,B,,,yes
CSE_349.png,CSE/CSE/CSE_349.png,CSE,,CSE,349,MCQ,B,,,yes
CSE_350.png,CSE/CSE/CSE_350.png,CSE,,CSE,350,MCQ,C,,,yes
CSE_351.png,CSE/CSE/CSE_351.png,CSE,,CSE,351,MCQ,B,,,yes
CSE_352.png,CSE/CSE/CSE_352.png,CSE,,CSE,352,MCQ,A,,,yes
CSE_353.png,CSE/CSE/CSE_353.png,CSE,,CSE,353,MCQ,D,,,yes
CSE_354.png,CSE/CSE/CSE_354.png,CSE,,CSE,354,MCQ,B,,,yes
CSE_355.png,CSE/CSE/CSE_355.png,CSE,,CSE,355,MCQ,C,,,yes
CSE_356.png,CSE/CSE/CSE_356.png,CSE,,CSE,356,MCQ,C,,,yes
CSE_357.png,CSE/CSE/CSE_357.png,CSE,,CSE,357,MCQ,C,,,yes
CSE_358.png,CSE/CSE/CSE_358.png,CSE,,CSE,358,MCQ,D,,,yes
CSE_359.png,CSE/CSE/CSE_359.png,CSE,,CSE,359,MCQ,D,,,yes
CSE_360.png,CSE/CSE/CSE_360.png,CSE,,CSE,360,MCQ,B,,,yes
CSE_361.png,CSE/CSE/CSE_361.png,CSE,,CSE,361,NAT,3,,,no
CSE_362.png,CSE/CSE/CSE_362.png,CSE,,CSE,362,NAT,54,,,yes
CSE_363.png,CSE/CSE/CSE_363.png,CSE,,CSE,363,NAT,4.72,,,yes
CSE_364.png,CSE/CSE/CSE_364.png,CSE,,CSE,364,NAT,7,,,yes
CSE_365.png,CSE/CSE/CSE_365.png,CSE,,CSE,365,NAT,15,,,yes
CSE_366.png,CSE/CSE/CSE_366.png,CSE,,CSE,366,NAT,54,,,yes
CSE_367.png,CSE/CSE/CSE_367.png,CSE,,CSE,367,NAT,52,,,yes
CSE_368.png,CSE/CSE/CSE_368.png,CSE,,CSE,368,NAT,225,,,yes
CSE_369.png,CSE/CSE/CSE_369.png,CSE,,CSE,369,NAT,29,,,yes
CSE_370.png,CSE/CSE/CSE_370.png,CSE,,CSE,370,NAT,5,,,yes
CSE_371.png,CSE/CSE/CSE_371.png,CSE,,CSE,371,NAT,18,,,yes
CSE_372.png,CSE/CSE/CSE_372.png,CSE,,CSE,372,NAT,0,,,no
CSE_373.png,CSE/CSE/CSE_373.png,CSE,,CSE,373,NAT,2,,,no
CSE_374.png,CSE/CSE/CSE_374.png,CSE,,CSE,374,MCQ,D,,,yes
CSE_375.png,CSE/CSE/CSE_375.png,CSE,,CSE,375,MCQ,A,,,yes
CSE_376.png,CSE/CSE/CSE_376.png,CSE,,CSE,376,MCQ,B,,,yes
CSE_377.png,CSE/CSE/CSE_377.png,CSE,,CSE,377,MCQ,D,,,yes
CSE_378.png,CSE/CSE/CSE_378.png,CSE,,CSE,378,MCQ,D,,,yes
CSE_379.png,CSE/CSE/CSE_379.png,CSE,,CSE,379,MCQ,D,,,yes
CSE_380.png,CSE/CSE/CSE_380.png,CSE,,CSE,380,MCQ,B,,,yes
CSE_381.png,CSE/CSE/CSE_381.png,CSE,,CSE,381,MCQ,B,,,yes
CSE_382.png,CSE/CSE/CSE_382.png,CSE,,CSE,382,MCQ,A,,,yes
CSE_383.png,CSE/CSE/CSE_383.png,CSE,,CSE,383,MCQ,B,,,yes
CSE_384.png,CSE/CSE/CSE_384.png,CSE,,CSE,384,MCQ,A,,,yes
CSE_385.png,CSE/CSE/CSE_385.png,CSE,,CSE,385,MCQ,D,,,yes
CSE_386.png,CSE/CSE/CSE_386.png,CSE,,CSE,386,MCQ,C,,,yes
CSE_387.png,CSE/CSE/CSE_387.png,CSE,,CSE,387,MCQ,C,,,yes
CSE_388.png,CSE/CSE/CSE_388.png,CSE,,CSE,388,NAT,0.021 to 0.024,,,yes
CSE_389.png,CSE/CSE/CSE_389.png,CSE,,CSE,389,NAT,0.27 to 0.30,,,yes
CSE_390.png,CSE/CSE/CSE_390.png,CSE,,CSE,390,NAT,3,,,yes
CSE_391.png,CSE/CSE/CSE_391.png,CSE,,CSE,391,NAT,3,,,no
CSE_392.png,CSE/CSE/CSE_392.png,CSE,,CSE,392,NAT,42,,,yes
CSE_393.png,CSE/CSE/CSE_393.png,CSE,,CSE,393,NAT,4,,,yes
CSE_394.png,CSE/CSE/CSE_394.png,CSE,,CSE,394,NAT,4,,,no
CSE_395.png,CSE/CSE/CSE_395.png,CSE,,CSE,395,NAT,2,,,yes
CSE_396.png,CSE/CSE/CSE_396.png,CSE,,CSE,396,NAT,59 to 60,,,yes
CSE_397.png,CSE/CSE/CSE_397.png,CSE,,CSE,397,NAT,2,,,yes
CSE_398.png,CSE/CSE/CSE_398.png,CSE,,CSE,398,NAT,34,,,yes
CSE_399.png,CSE/CSE/CSE_399.png,CSE,,CSE,399,MCQ,D,,,yes
CSE_400.png,CSE/CSE/CSE_400.png,CSE,,CSE,400,MCQ,D,,,yes
CSE_401.png,CSE/CSE/CSE_401.png,CSE,,CSE,401,MCQ,A,,,yes
CSE_402.png,CSE/CSE/CSE_402.png,CSE,,CSE,402,MCQ,A,,,yes
CSE_403.png,CSE/CSE/CSE_403.png,CSE,,CSE,403,MCQ,A,,,yes
CSE_404.png,CSE/CSE/CSE_404.png,CSE,,CSE,404,MCQ,C,,,yes
CSE_405.png,CSE/CSE/CSE_405.png,CSE,,CSE,405,MCQ,B,,,yes
CSE_406.png,CSE/CSE/CSE_406.png,CSE,,CSE,406,MCQ,C,,,yes
CSE_407.png,CSE/CSE/CSE_407.png,CSE,,CSE,407,MCQ,B,,,yes
CSE_408.png,CSE/CSE/CSE_408.png,CSE,,CSE,408,MCQ,B,,,yes
CSE_409.png,CSE/CSE/CSE_409.png,CSE,,CSE,409,MCQ,D,,,yes
CSE_410.png,CSE/CSE/CSE_410.png,CSE,,CSE,410,MCQ,D,,,yes
CSE_411.png,CSE/CSE/CSE_411.png,CSE,,CSE,411,MCQ,A,,,yes
CSE_412.png,CSE/CSE/CSE_412.png,CSE,,CSE,412,MCQ,A,,,yes
CSE_413.png,CSE/CSE/CSE_413.png,CSE,,CSE,413,MCQ,C,,,yes
CSE_414.png,CSE/CSE/CSE_414.png,CSE,,CSE,414,MCQ,B,,,yes
CSE_415.png,CSE/CSE/CSE_415.png,CSE,,CSE,415,MCQ,B,,,yes
CSE_416.png,CSE/CSE/CSE_416.png,CSE,,CSE,416,NAT,109,,,yes
CSE_417.png,CSE/CSE/CSE_417.png,CSE,,CSE,417,NAT,0.60 to 0.62,,,yes
CSE_418.png,CSE/CSE/CSE_418.png,CSE,,CSE,418,NAT,10230,,,yes
CSE_419.png,CSE/CSE/CSE_419.png,CSE,,CSE,419,NAT,80,,,yes
CSE_420.png,CSE/CSE/CSE_420.png,CSE,,CSE,420,NAT,3,,,no
CSE_421.png,CSE/CSE/CSE_421.png,CSE,,CSE,421,NAT,4,,,yes
CSE_422.png,CSE/CSE/CSE_422.png,CSE,,CSE,422,NAT,3,,,yes
CSE_423.png,CSE/CSE/CSE_423.png,CSE,,CSE,423,NAT,219,,,yes
CSE_424.png,CSE/CSE/CSE_424.png,CSE,,CSE,424,NAT,32,,,yes
CSE_425.png,CSE/CSE/CSE_425.png,CSE,,CSE,425,NAT,2,,,yes
CSE_426.png,CSE/CSE/CSE_426.png,CSE,,CSE,426,NAT,85,,,yes
CSE_427.png,CSE/CSE/CSE_427.png,CSE,,CSE,427,NAT,144,,,yes
CSE_428.png,CSE/CSE/CSE_428.png,CSE,,CSE,428,NAT,50,,,yes
CSE_429.png,CSE/CSE/CSE_429.png,CSE,,CSE,429,MCQ,D,,,yes
CSE_430.png,CSE/CSE/CSE_430.png,CSE,,CSE,430,MCQ,A,,,yes
CSE_431.png,CSE/CSE/CSE_431.png,CSE,,CSE,431,MCQ,D,,,yes
CSE_432.png,CSE/CSE/CSE_432.png,CSE,,CSE,432,MCQ,C,,,yes
CSE_433.png,CSE/CSE/CSE_433.png,CSE,,CSE,433,MCQ,C,,,yes
CSE_434.png,CSE/CSE/CSE_434.png,CSE,,CSE,434,MCQ,B,,,yes
CSE_435.png,CSE/CSE/CSE_435.png,CSE,,CSE,435,MCQ,C,,,yes
CSE_436.png,CSE/CSE/CSE_436.png,CSE,,CSE,436,MCQ,D,,,yes
CSE_437.png,CSE/CSE/CSE_437.png,CSE,,CSE,437,MCQ,B,,,yes
CSE_438.png,CSE/CSE/CSE_438.png,CSE,,CSE,438,MCQ,C,,,yes
CSE_439.png,CSE/CSE/CSE_439.png,CSE,,CSE,439,MCQ,D,,,yes
CSE_440.png,CSE/CSE/CSE_440.png,CSE,,CSE,440,MCQ,C,,,yes
CSE_441.png,CSE/CSE/CSE_441.png,CSE,,CSE,441,MCQ,B,,,yes
CSE_442.png,CSE/CSE/CSE_442.png,CSE,,CSE,442,MCQ,D,,,yes
CSE_443.png,CSE/CSE/CSE_443.png,CSE,,CSE,443,MCQ,B,,,yes
CSE_444.png,CSE/CSE/CSE_444.png,CSE,,CSE,444,NAT,31,,,no
CSE_445.png,CSE/CSE/CSE_445.png,CSE,,CSE,445,NAT,26,,,no
CSE_446.png,CSE/CSE/CSE_446.png,CSE,,CSE,446,NAT,31,,,yes
CSE_447.png,CSE/CSE/CSE_447.png,CSE,,CSE,447,NAT,0.08,,,yes
CSE_448.png,CSE/CSE/CSE_448.png,CSE,,CSE,448,NAT,2,,,yes
CSE_449.png,CSE/CSE/CSE_449.png,CSE,,CSE,449,NAT,0.502 to 0.504,,,yes
CSE_450.png,CSE/CSE/CSE_450.png,CSE,,CSE,450,NAT,80,,,yes
CSE_451.png,CSE/CSE/CSE_451.png,CSE,,CSE,451,NAT,6,,,yes
CSE_452.png,CSE/CSE/CSE_452.png,CSE,,CSE,452,NAT,29,,,yes
CSE_453.png,CSE/CSE/CSE_453.png,CSE,,CSE,453,MCQ,D,,,yes
CSE_454.png,CSE/CSE/CSE_454.png,CSE,,CSE,454,MCQ,B,,,yes
CSE_455.png,CSE/CSE/CSE_455.png,CSE,,CSE,455,MCQ,C,,,yes
CSE_456.png,CSE/CSE/CSE_456.png,CSE,,CSE,456,MCQ,C,,,yes
CSE_457.png,CSE/CSE/CSE_457.png,CSE,,CSE,457,MCQ,A,,,yes
CSE_458.png,CSE/CSE/CSE_458.png,CSE,,CSE,458,MCQ,C,,,yes
CSE_459.png,CSE/CSE/CSE_459.png,CSE,,CSE,459,MCQ,C,,,yes
CSE_460.png,CSE/CSE/CSE_460.png,CSE,,CSE,460,MCQ,B,,,yes
CSE_461.png,CSE/CSE/CSE_461.png,CSE,,CSE,461,MCQ,B,,,yes
CSE_462.png,CSE/CSE/CSE_462.png,CSE,,CSE,462,MCQ,A,,,yes
CSE_463.png,CSE/CSE/CSE_463.png,CSE,,CSE,463,MCQ,B,,,yes
CSE_464.png,CSE/CSE/CSE_464.png,CSE,,CSE,464,MCQ,C,,,yes
CSE_465.png,CSE/CSE/CSE_465.png,CSE,,CSE,465,MCQ,C,,,yes
CSE_466.png,CSE/CSE/CSE_466.png,CSE,,CSE,466,MCQ,A,,,yes
CSE_467.png,CSE/CSE/CSE_467.png,CSE,,CSE,467,MCQ,A,,,yes
CSE_468.png,CSE/CSE/CSE_468.png,CSE,,CSE,468,NAT,2,,,yes
CSE_469.png,CSE/CSE/CSE_469.png,CSE,,CSE,469,NAT,4.0 to 4.2,,,yes
CSE_470.png,CSE/CSE/CSE_470.png,CSE,,CSE,470,NAT,5,,,yes
CSE_471.png,CSE/CSE/CSE_471.png,CSE,,CSE,471,NAT,12,,,no
CSE_472.png,CSE/CSE/CSE_472.png,CSE,,CSE,472,NAT,160,,,yes
CSE_473.png,CSE/CSE/CSE_473.png,CSE,,CSE,473,NAT,4.25,,,yes
CSE_474.png,CSE/CSE/CSE_474.png,CSE,,CSE,474,NAT,0.4,,,yes
CSE_475.png,CSE/CSE/CSE_475.png,CSE,,CSE,475,NAT,120,,,yes
CSE_476.png,CSE/CSE/CSE_476.png,CSE,,CSE,476,NAT,3,,,yes
CSE_477.png,CSE/CSE/CSE_477.png,CSE,,CSE,477,NAT,3,,,yes
CSE_478.png,CSE/CSE/CSE_478.png,CSE,,CSE,478,NAT,5,,,yes
CSE_479.png,CSE/CSE/CSE_479.png,CSE,,CSE,479,NAT,5,,,no
CSE_480.png,CSE/CSE/CSE_480.png,CSE,,CSE,480,NAT,10,,,no
CSE_481.png,CSE/CSE/CSE_481.png,CSE,,CSE,481,NAT,97,,,yes
CSE_482.png,CSE/CSE/CSE_482.png,CSE,,CSE,482,NAT,1,,,yes
CSE_483.png,CSE/CSE/CSE_483.png,CSE,,CSE,483,MCQ,A,,,yes
CSE_484.png,CSE/CSE/CSE_484.png,CSE,,CSE,484,MCQ,A,,,yes
CSE_485.png,CSE/CSE/CSE_485.png,CSE,,CSE,485,MCQ,C,,,yes
CSE_486.png,CSE/CSE/CSE_486.png,CSE,,CSE,486,MCQ,C,,,yes
CSE_487.png,CSE/CSE/CSE_487.png,CSE,,CSE,487,MCQ,B,,,yes
CSE_488.png,CSE/CSE/CSE_488.png,CSE,,CSE,488,MCQ,C,,,yes
CSE_489.png,CSE/CSE/CSE_489.png,CSE,,CSE,489,MCQ,B,,,yes
CSE_490.png,CSE/CSE/CSE_490.png,CSE,,CSE,490,MCQ,D,,,yes
CSE_491.png,CSE/CSE/CSE_491.png,CSE,,CSE,491,MCQ,D,,,yes
CSE_492.png,CSE/CSE/CSE_492.png,CSE,,CSE,492,MCQ,C,,,yes
CSE_493.png,CSE/CSE/CSE_493.png,CSE,,CSE,493,MCQ,C,,,yes
CSE_494.png,CSE/CSE/CSE_494.png,CSE,,CSE,494,MCQ,C,,,yes
CSE_495.png,CSE/CSE/CSE_495.png,CSE,,CSE,495,NAT,2,,,yes
CSE_496.png,CSE/CSE/CSE_496.png,CSE,,CSE,496,MCQ,A,,,yes
CSE_497.png,CSE/CSE/CSE_497.png,CSE,,CSE,497,MCQ,D,,,yes
CSE_498.png,CSE/CSE/CSE_498.png,CSE,,CSE,498,MCQ,C,,,yes
CSE_499.png,CSE/CSE/CSE_499.png,CSE,,CSE,499,NAT,0.125,,,yes
CSE_500.png,CSE/CSE/CSE_500.png,CSE,,CSE,500,NAT,7,,,yes
CSE_501.png,CSE/CSE/CSE_501.png,CSE,,CSE,501,NAT,5,,,yes
CSE_502.png,CSE/CSE/CSE_502.png,CSE,,CSE,502,NAT,1034,,,yes
CSE_503.png,CSE/CSE/CSE_503.png,CSE,,CSE,503,NAT,13.5 to 13.5,,,yes
CSE_504.png,CSE/CSE/CSE_504.png,CSE,,CSE,504,NAT,19,,,yes
CSE_505.png,CSE/CSE/CSE_505.png,CSE,,CSE,505,NAT,13,,,yes
CSE_506.png,CSE/CSE/CSE_506.png,CSE,,CSE,506,NAT,7,,,yes
CSE_507.png,CSE/CSE/CSE_507.png,CSE,,CSE,507,NAT,6,,,yes
CSE_508.png,CSE/CSE/CSE_508.png,CSE,,CSE,508,MCQ,B,,,yes
CSE_509.png,CSE/CSE/CSE_509.png,CSE,,CSE,509,MCQ,B,,,yes
CSE_510.png,CSE/CSE/CSE_510.png,CSE,,CSE,510,MCQ,D,,,yes
CSE_511.png,CSE/CSE/CSE_511.png,CSE,,CSE,511,MCQ,A,,,yes
CSE_512.png,CSE/CSE/CSE_512.png,CSE,,CSE,512,MCQ,B,,,yes
CSE_513.png,CSE/CSE/CSE_513.png,CSE,,CSE,513,MCQ,A,,,yes
CSE_514.png,CSE/CSE/CSE_514.png,CSE,,CSE,514,MCQ,B,,,yes
CSE_515.png,CSE/CSE/CSE_515.png,CSE,,CSE,515,MCQ,A,,,yes
CSE_516.png,CSE/CSE/CSE_516.png,CSE,,CSE,516,MCQ,A,,,yes
CSE_517.png,CSE/CSE/CSE_517.png,CSE,,CSE,517,MCQ,B,,,yes
CSE_518.png,CSE/CSE/CSE_518.png,CSE,,CSE,518,MCQ,C,,,yes
CSE_519.png,CSE/CSE/CSE_519.png,CSE,,CSE,519,MCQ,A,,,yes
CSE_520.png,CSE/CSE/CSE_520.png,CSE,,CSE,520,MCQ,B,,,yes
CSE_521.png,CSE/CSE/CSE_521.png,CSE,,CSE,521,NAT,12,,,yes
CSE_522.png,CSE/CSE/CSE_522.png,CSE,,CSE,522,NAT,2.15 to 2.18,,,yes
CSE_523.png,CSE/CSE/CSE_523.png,CSE,,CSE,523,NAT,14,,,yes
CSE_524.png,CSE/CSE/CSE_524.png,CSE,,CSE,524,NAT,0.5,,,yes
CSE_525.png,CSE/CSE/CSE_525.png,CSE,,CSE,525,NAT,55,,,yes
CSE_526.png,CSE/CSE/CSE_526.png,CSE,,CSE,526,NAT,511,,,yes
CSE_527.png,CSE/CSE/CSE_527.png,CSE,,CSE,527,NAT,81,,,yes
CSE_528.png,CSE/CSE/CSE_528.png,CSE,,CSE,528,NAT,99,,,yes
CSE_529.png,CSE/CSE/CSE_529.png,CSE,,CSE,529,NAT,5.25,,,yes
CSE_530.png,CSE/CSE/CSE_530.png,CSE,,CSE,530,NAT,6,,,yes
CSE_531.png,CSE/CSE/CSE_531.png,CSE,,CSE,531,NAT,7,,,yes
CSE_532.png,CSE/CSE/CSE_532.png,CSE,,CSE,532,NAT,154.5 to 155.5,,,yes
CSE_533.png,CSE/CSE/CSE_533.png,CSE,,CSE,533,NAT,4,,,yes
CSE_534.png,CSE/CSE/CSE_534.png,CSE,,CSE,534,NAT,44,,,yes
