image_filename,relative_path,subject,year,section,question_no,question_type,correct_answer,marks,negative_marks
IN_2018_GA_001.png,GATE_ESE_Papers/IN/GA/IN_2018_GA_001.png,IN,2018,GA,1,MCQ,A,1,0.33
IN_2018_GA_002.png,GATE_ESE_Papers/IN/GA/IN_2018_GA_002.png,IN,2018,GA,2,MCQ,C,1,0.33
IN_2018_GA_003.png,GATE_ESE_Papers/IN/GA/IN_2018_GA_003.png,IN,2018,GA,3,MCQ,B,1,0.33
IN_2018_GA_004.png,GATE_ESE_Papers/IN/GA/IN_2018_GA_004.png,IN,2018,GA,4,MCQ,C,1,0.33
IN_2018_GA_005.png,GATE_ESE_Papers/IN/GA/IN_2018_GA_005.png,IN,2018,GA,5,MCQ,D,1,0.33
IN_2018_GA_006.png,GATE_ESE_Papers/IN/GA/IN_2018_GA_006.png,IN,2018,GA,6,MCQ,A,2,0.67
IN_2018_GA_007.png,GATE_ESE_Papers/IN/GA/IN_2018_GA_007.png,IN,2018,GA,7,MCQ,C,2,0.67
IN_2018_GA_008.png,GATE_ESE_Papers/IN/GA/IN_2018_GA_008.png,IN,2018,GA,8,MCQ,D,2,0.67
IN_2018_GA_009.png,GATE_ESE_Papers/IN/GA/IN_2018_GA_009.png,IN,2018,GA,9,MCQ,C,2,0.67
IN_2018_GA_010.png,GATE_ESE_Papers/IN/GA/IN_2018_GA_010.png,IN,2018,GA,10,MCQ,A,2,0.67
IN_2018_IN_001.png,GATE_ESE_Papers/IN/IN/IN_2018_IN_001.png,IN,2018,IN,1,MCQ,A,1,0.33
IN_2018_IN_002.png,GATE_ESE_Papers/IN/IN/IN_2018_IN_002.png,IN,2018,IN,2,MCQ,B,1,0.33
IN_2018_IN_003.png,GATE_ESE_Papers/IN/IN/IN_2018_IN_003.png,IN,2018,IN,3,MCQ,D,1,0.33
IN_2018_IN_004.png,GATE_ESE_Papers/IN/IN/IN_2018_IN_004.png,IN,2018,IN,4,NAT,1 to 1,1,0
IN_2018_IN_005.png,GATE_ESE_Papers/IN/IN/IN_2018_IN_005.png,IN,2018,IN,5,MCQ,B,1,0.33
IN_2018_IN_006.png,GATE_ESE_Papers/IN/IN/IN_2018_IN_006.png,IN,2018,IN,6,MCQ,A,1,0.33
IN_2018_IN_007.png,GATE_ESE_Papers/IN/IN/IN_2018_IN_007.png,IN,2018,IN,7,MCQ,C,1,0.33
IN_2018_IN_008.png,GATE_ESE_Papers/IN/IN/IN_2018_IN_008.png,IN,2018,IN,8,NAT,1009 to 1011,1,0
IN_2018_IN_009.png,GATE_ESE_Papers/IN/IN/IN_2018_IN_009.png,IN,2018,IN,9,MCQ,D,1,0.33
IN_2018_IN_010.png,GATE_ESE_Papers/IN/IN/IN_2018_IN_010.png,IN,2018,IN,10,MCQ,A,1,0.33
IN_2018_IN_011.png,GATE_ESE_Papers/IN/IN/IN_2018_IN_011.png,IN,2018,IN,11,MCQ,C,1,0.33
IN_2018_IN_012.png,GATE_ESE_Papers/IN/IN/IN_2018_IN_012.png,IN,2018,IN,12,NAT,"90 to 90 (or)
‐270 to ‐270",1,0
IN_2018_IN_013.png,GATE_ESE_Papers/IN/IN/IN_2018_IN_013.png,IN,2018,IN,13,MCQ,A,1,0.33
IN_2018_IN_014.png,GATE_ESE_Papers/IN/IN/IN_2018_IN_014.png,IN,2018,IN,14,NAT,"180 to 180 (or)
‐180 to ‐180",1,0
IN_2018_IN_015.png,GATE_ESE_Papers/IN/IN/IN_2018_IN_015.png,IN,2018,IN,15,NAT,0 to 0,1,0
IN_2018_IN_016.png,GATE_ESE_Papers/IN/IN/IN_2018_IN_016.png,IN,2018,IN,16,NAT,200 to 200,1,0
IN_2018_IN_017.png,GATE_ESE_Papers/IN/IN/IN_2018_IN_017.png,IN,2018,IN,17,NAT,10 to 10,1,0
IN_2018_IN_018.png,GATE_ESE_Papers/IN/IN/IN_2018_IN_018.png,IN,2018,IN,18,MCQ,C,1,0.33
IN_2018_IN_019.png,GATE_ESE_Papers/IN/IN/IN_2018_IN_019.png,IN,2018,IN,19,MCQ,C,1,0.33
IN_2018_IN_020.png,GATE_ESE_Papers/IN/IN/IN_2018_IN_020.png,IN,2018,IN,20,MCQ,D,1,0.33
IN_2018_IN_021.png,GATE_ESE_Papers/IN/IN/IN_2018_IN_021.png,IN,2018,IN,21,NAT,200 to 200,1,0
IN_2018_IN_022.png,GATE_ESE_Papers/IN/IN/IN_2018_IN_022.png,IN,2018,IN,22,NAT,95 to 97,1,0
IN_2018_IN_023.png,GATE_ESE_Papers/IN/IN/IN_2018_IN_023.png,IN,2018,IN,23,MCQ,A,1,0.33
IN_2018_IN_024.png,GATE_ESE_Papers/IN/IN/IN_2018_IN_024.png,IN,2018,IN,24,NAT,0.3 to 0.3,1,0
IN_2018_IN_025.png,GATE_ESE_Papers/IN/IN/IN_2018_IN_025.png,IN,2018,IN,25,NAT,75 to 75,1,0
IN_2018_IN_026.png,GATE_ESE_Papers/IN/IN/IN_2018_IN_026.png,IN,2018,IN,26,MCQ,D,2,0.67
IN_2018_IN_027.png,GATE_ESE_Papers/IN/IN/IN_2018_IN_027.png,IN,2018,IN,27,MCQ,B,2,0.67
IN_2018_IN_028.png,GATE_ESE_Papers/IN/IN/IN_2018_IN_028.png,IN,2018,IN,28,MCQ,C,2,0.67
IN_2018_IN_029.png,GATE_ESE_Papers/IN/IN/IN_2018_IN_029.png,IN,2018,IN,29,MCQ,D,2,0.67
IN_2018_IN_030.png,GATE_ESE_Papers/IN/IN/IN_2018_IN_030.png,IN,2018,IN,30,NAT,0.95 to 1.05,2,0
IN_2018_IN_031.png,GATE_ESE_Papers/IN/IN/IN_2018_IN_031.png,IN,2018,IN,31,NAT,66 to 68,2,0
IN_2018_IN_032.png,GATE_ESE_Papers/IN/IN/IN_2018_IN_032.png,IN,2018,IN,32,MCQ,A,2,0.67
IN_2018_IN_033.png,GATE_ESE_Papers/IN/IN/IN_2018_IN_033.png,IN,2018,IN,33,MCQ,C,2,0.67
IN_2018_IN_034.png,GATE_ESE_Papers/IN/IN/IN_2018_IN_034.png,IN,2018,IN,34,MCQ,D,2,0.67
IN_2018_IN_035.png,GATE_ESE_Papers/IN/IN/IN_2018_IN_035.png,IN,2018,IN,35,MCQ,C,2,0.67
IN_2018_IN_036.png,GATE_ESE_Papers/IN/IN/IN_2018_IN_036.png,IN,2018,IN,36,NAT,0 to 0,2,0
IN_2018_IN_037.png,GATE_ESE_Papers/IN/IN/IN_2018_IN_037.png,IN,2018,IN,37,MCQ,D,2,0.67
IN_2018_IN_038.png,GATE_ESE_Papers/IN/IN/IN_2018_IN_038.png,IN,2018,IN,38,NAT,8.9 to 9.1,2,0
IN_2018_IN_039.png,GATE_ESE_Papers/IN/IN/IN_2018_IN_039.png,IN,2018,IN,39,MCQ,D,2,0.67
IN_2018_IN_040.png,GATE_ESE_Papers/IN/IN/IN_2018_IN_040.png,IN,2018,IN,40,NAT,Marks to All,2,0
IN_2018_IN_041.png,GATE_ESE_Papers/IN/IN/IN_2018_IN_041.png,IN,2018,IN,41,NAT,17.5 to 17.9,2,0
IN_2018_IN_042.png,GATE_ESE_Papers/IN/IN/IN_2018_IN_042.png,IN,2018,IN,42,NAT,0.98 to 1.00,2,0
IN_2018_IN_043.png,GATE_ESE_Papers/IN/IN/IN_2018_IN_043.png,IN,2018,IN,43,MCQ,B,2,0.67
IN_2018_IN_044.png,GATE_ESE_Papers/IN/IN/IN_2018_IN_044.png,IN,2018,IN,44,MCQ,C,2,0.67
IN_2018_IN_045.png,GATE_ESE_Papers/IN/IN/IN_2018_IN_045.png,IN,2018,IN,45,NAT,279 to 282,2,0
IN_2018_IN_046.png,GATE_ESE_Papers/IN/IN/IN_2018_IN_046.png,IN,2018,IN,46,MCQ,A,2,0.67
IN_2018_IN_047.png,GATE_ESE_Papers/IN/IN/IN_2018_IN_047.png,IN,2018,IN,47,NAT,2.49 to 2.53,2,0
IN_2018_IN_048.png,GATE_ESE_Papers/IN/IN/IN_2018_IN_048.png,IN,2018,IN,48,NAT,0.9 to 1.1,2,0
IN_2018_IN_049.png,GATE_ESE_Papers/IN/IN/IN_2018_IN_049.png,IN,2018,IN,49,NAT,221 to 223,2,0
IN_2018_IN_050.png,GATE_ESE_Papers/IN/IN/IN_2018_IN_050.png,IN,2018,IN,50,NAT,3.5 to 5.7,2,0
IN_2018_IN_051.png,GATE_ESE_Papers/IN/IN/IN_2018_IN_051.png,IN,2018,IN,51,NAT,0.48 to 0.51,2,0
IN_2018_IN_052.png,GATE_ESE_Papers/IN/IN/IN_2018_IN_052.png,IN,2018,IN,52,NAT,10.6 to 11.0,2,0
IN_2018_IN_053.png,GATE_ESE_Papers/IN/IN/IN_2018_IN_053.png,IN,2018,IN,53,NAT,352000 to 352000,2,0
IN_2018_IN_054.png,GATE_ESE_Papers/IN/IN/IN_2018_IN_054.png,IN,2018,IN,54,NAT,249 to 251,2,0
IN_2018_IN_055.png,GATE_ESE_Papers/IN/IN/IN_2018_IN_055.png,IN,2018,IN,55,NAT,29 to 31,2,0
IN_2019_GA_001.png,GATE_ESE_Papers/IN/GA/IN_2019_GA_001.png,IN,2019,GA,1,MCQ,C,1,0.33
IN_2019_GA_002.png,GATE_ESE_Papers/IN/GA/IN_2019_GA_002.png,IN,2019,GA,2,MCQ,C,1,0.33
IN_2019_GA_003.png,GATE_ESE_Papers/IN/GA/IN_2019_GA_003.png,IN,2019,GA,3,MCQ,C,1,0.33
IN_2019_GA_004.png,GATE_ESE_Papers/IN/GA/IN_2019_GA_004.png,IN,2019,GA,4,MCQ,C,1,0.33
IN_2019_GA_005.png,GATE_ESE_Papers/IN/GA/IN_2019_GA_005.png,IN,2019,GA,5,MCQ,A,1,0.33
IN_2019_GA_006.png,GATE_ESE_Papers/IN/GA/IN_2019_GA_006.png,IN,2019,GA,6,MCQ,C,2,0.67
IN_2019_GA_007.png,GATE_ESE_Papers/IN/GA/IN_2019_GA_007.png,IN,2019,GA,7,MCQ,A,2,0.67
IN_2019_GA_008.png,GATE_ESE_Papers/IN/GA/IN_2019_GA_008.png,IN,2019,GA,8,MCQ,C,2,0.67
IN_2019_GA_009.png,GATE_ESE_Papers/IN/GA/IN_2019_GA_009.png,IN,2019,GA,9,MCQ,B,2,0.67
IN_2019_GA_010.png,GATE_ESE_Papers/IN/GA/IN_2019_GA_010.png,IN,2019,GA,10,MCQ,D,2,0.67
IN_2019_IN_001.png,GATE_ESE_Papers/IN/IN/IN_2019_IN_001.png,IN,2019,IN,1,MCQ,C,1,0.33
IN_2019_IN_002.png,GATE_ESE_Papers/IN/IN/IN_2019_IN_002.png,IN,2019,IN,2,MCQ,B,1,0.33
IN_2019_IN_003.png,GATE_ESE_Papers/IN/IN/IN_2019_IN_003.png,IN,2019,IN,3,MCQ,A,1,0.33
IN_2019_IN_004.png,GATE_ESE_Papers/IN/IN/IN_2019_IN_004.png,IN,2019,IN,4,MCQ,B,1,0.33
IN_2019_IN_005.png,GATE_ESE_Papers/IN/IN/IN_2019_IN_005.png,IN,2019,IN,5,MCQ,C,1,0.33
IN_2019_IN_006.png,GATE_ESE_Papers/IN/IN/IN_2019_IN_006.png,IN,2019,IN,6,MCQ,A,1,0.33
IN_2019_IN_007.png,GATE_ESE_Papers/IN/IN/IN_2019_IN_007.png,IN,2019,IN,7,MCQ,A,1,0.33
IN_2019_IN_008.png,GATE_ESE_Papers/IN/IN/IN_2019_IN_008.png,IN,2019,IN,8,MCQ,D,1,0.33
IN_2019_IN_009.png,GATE_ESE_Papers/IN/IN/IN_2019_IN_009.png,IN,2019,IN,9,MCQ,B,1,0.33
IN_2019_IN_010.png,GATE_ESE_Papers/IN/IN/IN_2019_IN_010.png,IN,2019,IN,10,MCQ,C,1,0.33
IN_2019_IN_011.png,GATE_ESE_Papers/IN/IN/IN_2019_IN_011.png,IN,2019,IN,11,MCQ,A,1,0.33
IN_2019_IN_012.png,GATE_ESE_Papers/IN/IN/IN_2019_IN_012.png,IN,2019,IN,12,MCQ,D,1,0.33
IN_2019_IN_013.png,GATE_ESE_Papers/IN/IN/IN_2019_IN_013.png,IN,2019,IN,13,MCQ,B,1,0.33
IN_2019_IN_014.png,GATE_ESE_Papers/IN/IN/IN_2019_IN_014.png,IN,2019,IN,14,MCQ,D,1,0.33
IN_2019_IN_015.png,GATE_ESE_Papers/IN/IN/IN_2019_IN_015.png,IN,2019,IN,15,MCQ,C,a,
IN_2019_IN_016.png,GATE_ESE_Papers/IN/IN/IN_2019_IN_016.png,IN,2019,IN,16,NAT,10 to 10,ii,0
IN_2019_IN_017.png,GATE_ESE_Papers/IN/IN/IN_2019_IN_017.png,IN,2019,IN,17,NAT,Sto5,a,0
IN_2019_IN_018.png,GATE_ESE_Papers/IN/IN/IN_2019_IN_018.png,IN,2019,IN,18,NAT,1000 to 1000,1,0
IN_2019_IN_019.png,GATE_ESE_Papers/IN/IN/IN_2019_IN_019.png,IN,2019,IN,19,NAT,4 to 4,1,0
IN_2019_IN_020.png,GATE_ESE_Papers/IN/IN/IN_2019_IN_020.png,IN,2019,IN,20,NAT,64 to 64,1,0
IN_2019_IN_021.png,GATE_ESE_Papers/IN/IN/IN_2019_IN_021.png,IN,2019,IN,21,NAT,256 to 256,1,0
IN_2019_IN_022.png,GATE_ESE_Papers/IN/IN/IN_2019_IN_022.png,IN,2019,IN,22,NAT,4 to 4,1,0
IN_2019_IN_023.png,GATE_ESE_Papers/IN/IN/IN_2019_IN_023.png,IN,2019,IN,23,NAT,130 to 130,1,0
IN_2019_IN_024.png,GATE_ESE_Papers/IN/IN/IN_2019_IN_024.png,IN,2019,IN,24,NAT,20 to 20,1,0
IN_2019_IN_025.png,GATE_ESE_Papers/IN/IN/IN_2019_IN_025.png,IN,2019,IN,25,NAT,0.3 to 0.3,1,0
IN_2019_IN_026.png,GATE_ESE_Papers/IN/IN/IN_2019_IN_026.png,IN,2019,IN,26,MCQ,B,2,0.67
IN_2019_IN_027.png,GATE_ESE_Papers/IN/IN/IN_2019_IN_027.png,IN,2019,IN,27,MCQ,A,2,0.67
IN_2019_IN_028.png,GATE_ESE_Papers/IN/IN/IN_2019_IN_028.png,IN,2019,IN,28,MCQ,D,2,0.67
IN_2019_IN_029.png,GATE_ESE_Papers/IN/IN/IN_2019_IN_029.png,IN,2019,IN,29,MCQ,C,2,0.67
IN_2019_IN_030.png,GATE_ESE_Papers/IN/IN/IN_2019_IN_030.png,IN,2019,IN,30,MCQ,C,2,0.67
IN_2019_IN_031.png,GATE_ESE_Papers/IN/IN/IN_2019_IN_031.png,IN,2019,IN,31,MCQ,A,2,0.67
IN_2019_IN_032.png,GATE_ESE_Papers/IN/IN/IN_2019_IN_032.png,IN,2019,IN,32,MCQ,B,2,0.67
IN_2019_IN_033.png,GATE_ESE_Papers/IN/IN/IN_2019_IN_033.png,IN,2019,IN,33,MCQ,C,2,0.67
IN_2019_IN_034.png,GATE_ESE_Papers/IN/IN/IN_2019_IN_034.png,IN,2019,IN,34,MCQ,D,2,0.67
IN_2019_IN_035.png,GATE_ESE_Papers/IN/IN/IN_2019_IN_035.png,IN,2019,IN,35,MCQ,B,2,0.67
IN_2019_IN_036.png,GATE_ESE_Papers/IN/IN/IN_2019_IN_036.png,IN,2019,IN,36,MCQ,A,2,0.67
IN_2019_IN_037.png,GATE_ESE_Papers/IN/IN/IN_2019_IN_037.png,IN,2019,IN,37,MCQ,D,2,0.67
IN_2019_IN_038.png,GATE_ESE_Papers/IN/IN/IN_2019_IN_038.png,IN,2019,IN,38,MCQ,B,2,0.67
IN_2019_IN_039.png,GATE_ESE_Papers/IN/IN/IN_2019_IN_039.png,IN,2019,IN,39,MCQ,A,2,0.67
IN_2019_IN_040.png,GATE_ESE_Papers/IN/IN/IN_2019_IN_040.png,IN,2019,IN,40,MCQ,C,2,0.67
IN_2019_IN_041.png,GATE_ESE_Papers/IN/IN/IN_2019_IN_041.png,IN,2019,IN,41,MCQ,D,2,0.67
IN_2019_IN_042.png,GATE_ESE_Papers/IN/IN/IN_2019_IN_042.png,IN,2019,IN,42,MCQ,D,2,0.67
IN_2019_IN_043.png,GATE_ESE_Papers/IN/IN/IN_2019_IN_043.png,IN,2019,IN,43,NAT,8.0 to 8.0,2,0
IN_2019_IN_044.png,GATE_ESE_Papers/IN/IN/IN_2019_IN_044.png,IN,2019,IN,44,NAT,1.87 to 1.91,2,0
IN_2019_IN_045.png,GATE_ESE_Papers/IN/IN/IN_2019_IN_045.png,IN,2019,IN,45,NAT,20000 to 20000,2,0
IN_2019_IN_046.png,GATE_ESE_Papers/IN/IN/IN_2019_IN_046.png,IN,2019,IN,46,NAT,0.46 to 0.48,2,0
IN_2019_IN_047.png,GATE_ESE_Papers/IN/IN/IN_2019_IN_047.png,IN,2019,IN,47,NAT,9 to 9,2,0
IN_2019_IN_048.png,GATE_ESE_Papers/IN/IN/IN_2019_IN_048.png,IN,2019,IN,48,NAT,6 to 6,2,0
IN_2019_IN_049.png,GATE_ESE_Papers/IN/IN/IN_2019_IN_049.png,IN,2019,IN,49,NAT,37 to 39,2,0
IN_2019_IN_050.png,GATE_ESE_Papers/IN/IN/IN_2019_IN_050.png,IN,2019,IN,50,NAT,4 to 4,2,0
IN_2019_IN_051.png,GATE_ESE_Papers/IN/IN/IN_2019_IN_051.png,IN,2019,IN,51,NAT,9.0 to 9.1,2,0
IN_2019_IN_052.png,GATE_ESE_Papers/IN/IN/IN_2019_IN_052.png,IN,2019,IN,52,NAT,0.035 to 0.045,2,0
IN_2019_IN_053.png,GATE_ESE_Papers/IN/IN/IN_2019_IN_053.png,IN,2019,IN,53,NAT,512 to 512,2,0
IN_2019_IN_054.png,GATE_ESE_Papers/IN/IN/IN_2019_IN_054.png,IN,2019,IN,54,NAT,300 to 300,2,0
IN_2019_IN_055.png,GATE_ESE_Papers/IN/IN/IN_2019_IN_055.png,IN,2019,IN,55,NAT,500 to 500 OR 1000 to 1000,2,0
IN_2020_GA_001.png,GATE_ESE_Papers/IN/GA/IN_2020_GA_001.png,IN,2020,GA,1,MCQ,C,1,0.33
IN_2020_GA_002.png,GATE_ESE_Papers/IN/GA/IN_2020_GA_002.png,IN,2020,GA,2,MCQ,A,1,0.33
IN_2020_GA_003.png,GATE_ESE_Papers/IN/GA/IN_2020_GA_003.png,IN,2020,GA,3,MCQ,C,1,0.33
IN_2020_GA_004.png,GATE_ESE_Papers/IN/GA/IN_2020_GA_004.png,IN,2020,GA,4,MCQ,B,1,0.33
IN_2020_GA_005.png,GATE_ESE_Papers/IN/GA/IN_2020_GA_005.png,IN,2020,GA,5,MCQ,D,1,0.33
IN_2020_GA_006.png,GATE_ESE_Papers/IN/GA/IN_2020_GA_006.png,IN,2020,GA,6,MCQ,D,2,0.67
IN_2020_GA_007.png,GATE_ESE_Papers/IN/GA/IN_2020_GA_007.png,IN,2020,GA,7,MCQ,D,2,0.67
IN_2020_GA_008.png,GATE_ESE_Papers/IN/GA/IN_2020_GA_008.png,IN,2020,GA,8,MCQ,D,2,0.67
IN_2020_GA_009.png,GATE_ESE_Papers/IN/GA/IN_2020_GA_009.png,IN,2020,GA,9,MCQ,A,2,0.67
IN_2020_GA_010.png,GATE_ESE_Papers/IN/GA/IN_2020_GA_010.png,IN,2020,GA,10,MCQ,C,2,0.67
IN_2020_IN_001.png,GATE_ESE_Papers/IN/IN/IN_2020_IN_001.png,IN,2020,IN,1,MCQ,A,1,0.33
IN_2020_IN_002.png,GATE_ESE_Papers/IN/IN/IN_2020_IN_002.png,IN,2020,IN,2,MCQ,B,1,0.33
IN_2020_IN_003.png,GATE_ESE_Papers/IN/IN/IN_2020_IN_003.png,IN,2020,IN,3,MCQ,B,1,0.33
IN_2020_IN_004.png,GATE_ESE_Papers/IN/IN/IN_2020_IN_004.png,IN,2020,IN,4,MCQ,C,1,0.33
IN_2020_IN_005.png,GATE_ESE_Papers/IN/IN/IN_2020_IN_005.png,IN,2020,IN,5,MCQ,C,1,0.33
IN_2020_IN_006.png,GATE_ESE_Papers/IN/IN/IN_2020_IN_006.png,IN,2020,IN,6,MCQ,A,1,0.33
IN_2020_IN_007.png,GATE_ESE_Papers/IN/IN/IN_2020_IN_007.png,IN,2020,IN,7,MCQ,A,1,0.33
IN_2020_IN_008.png,GATE_ESE_Papers/IN/IN/IN_2020_IN_008.png,IN,2020,IN,8,MCQ,B,1,0.33
IN_2020_IN_009.png,GATE_ESE_Papers/IN/IN/IN_2020_IN_009.png,IN,2020,IN,9,MCQ,B,1,0.33
IN_2020_IN_010.png,GATE_ESE_Papers/IN/IN/IN_2020_IN_010.png,IN,2020,IN,10,MCQ,B,1,0.33
IN_2020_IN_011.png,GATE_ESE_Papers/IN/IN/IN_2020_IN_011.png,IN,2020,IN,11,MCQ,A,1,0.33
IN_2020_IN_012.png,GATE_ESE_Papers/IN/IN/IN_2020_IN_012.png,IN,2020,IN,12,MCQ,A,1,0.33
IN_2020_IN_013.png,GATE_ESE_Papers/IN/IN/IN_2020_IN_013.png,IN,2020,IN,13,MCQ,D,1,0.33
IN_2020_IN_014.png,GATE_ESE_Papers/IN/IN/IN_2020_IN_014.png,IN,2020,IN,14,MCQ,D,1,0.33
IN_2020_IN_015.png,GATE_ESE_Papers/IN/IN/IN_2020_IN_015.png,IN,2020,IN,15,MCQ,B,1,0.33
IN_2020_IN_016.png,GATE_ESE_Papers/IN/IN/IN_2020_IN_016.png,IN,2020,IN,16,NAT,0.09 to 0.09,1,0
IN_2020_IN_017.png,GATE_ESE_Papers/IN/IN/IN_2020_IN_017.png,IN,2020,IN,17,NAT,7 to 7,1,0
IN_2020_IN_018.png,GATE_ESE_Papers/IN/IN/IN_2020_IN_018.png,IN,2020,IN,18,NAT,1.7 to 1.8,1,0
IN_2020_IN_019.png,GATE_ESE_Papers/IN/IN/IN_2020_IN_019.png,IN,2020,IN,19,NAT,2 to 2,1,0
IN_2020_IN_020.png,GATE_ESE_Papers/IN/IN/IN_2020_IN_020.png,IN,2020,IN,20,NAT,0.78 to 0.79,1,0
IN_2020_IN_021.png,GATE_ESE_Papers/IN/IN/IN_2020_IN_021.png,IN,2020,IN,21,NAT,-4 to -4,1,0
IN_2020_IN_022.png,GATE_ESE_Papers/IN/IN/IN_2020_IN_022.png,IN,2020,IN,22,NAT,25 to 25,1,0
IN_2020_IN_023.png,GATE_ESE_Papers/IN/IN/IN_2020_IN_023.png,IN,2020,IN,23,NAT,223.3 to 223.5,1,0
IN_2020_IN_024.png,GATE_ESE_Papers/IN/IN/IN_2020_IN_024.png,IN,2020,IN,24,NAT,5 to 5,1,0
IN_2020_IN_025.png,GATE_ESE_Papers/IN/IN/IN_2020_IN_025.png,IN,2020,IN,25,NAT,2.5 to 2.5 OR 3.5 to 3.5,1,0
IN_2020_IN_026.png,GATE_ESE_Papers/IN/IN/IN_2020_IN_026.png,IN,2020,IN,26,MCQ,D,2,0.67
IN_2020_IN_027.png,GATE_ESE_Papers/IN/IN/IN_2020_IN_027.png,IN,2020,IN,27,MCQ,A,2,0.67
IN_2020_IN_028.png,GATE_ESE_Papers/IN/IN/IN_2020_IN_028.png,IN,2020,IN,28,MCQ,D,2,0.67
IN_2020_IN_029.png,GATE_ESE_Papers/IN/IN/IN_2020_IN_029.png,IN,2020,IN,29,MCQ,A,2,0.67
IN_2020_IN_030.png,GATE_ESE_Papers/IN/IN/IN_2020_IN_030.png,IN,2020,IN,30,MCQ,A,2,0.67
IN_2020_IN_031.png,GATE_ESE_Papers/IN/IN/IN_2020_IN_031.png,IN,2020,IN,31,NAT,0.5 to 0.5,2,0
IN_2020_IN_032.png,GATE_ESE_Papers/IN/IN/IN_2020_IN_032.png,IN,2020,IN,32,NAT,0.7 to 0.7,2,0
IN_2020_IN_033.png,GATE_ESE_Papers/IN/IN/IN_2020_IN_033.png,IN,2020,IN,33,NAT,1 to 1,2,0
IN_2020_IN_034.png,GATE_ESE_Papers/IN/IN/IN_2020_IN_034.png,IN,2020,IN,34,NAT,115 to 116,2,0
IN_2020_IN_035.png,GATE_ESE_Papers/IN/IN/IN_2020_IN_035.png,IN,2020,IN,35,NAT,0 to 0,2,0
IN_2020_IN_036.png,GATE_ESE_Papers/IN/IN/IN_2020_IN_036.png,IN,2020,IN,36,NAT,5.0 to 5.1,2,0
IN_2020_IN_037.png,GATE_ESE_Papers/IN/IN/IN_2020_IN_037.png,IN,2020,IN,37,NAT,4 to 4,2,0
IN_2020_IN_038.png,GATE_ESE_Papers/IN/IN/IN_2020_IN_038.png,IN,2020,IN,38,NAT,1 to 1,2,0
IN_2020_IN_039.png,GATE_ESE_Papers/IN/IN/IN_2020_IN_039.png,IN,2020,IN,39,NAT,0.45 to 0.55,2,0
IN_2020_IN_040.png,GATE_ESE_Papers/IN/IN/IN_2020_IN_040.png,IN,2020,IN,40,NAT,7 to 7,2,0
IN_2020_IN_041.png,GATE_ESE_Papers/IN/IN/IN_2020_IN_041.png,IN,2020,IN,41,NAT,3.5 to 4.5,2,0
IN_2020_IN_042.png,GATE_ESE_Papers/IN/IN/IN_2020_IN_042.png,IN,2020,IN,42,NAT,199 to 201,2,0
IN_2020_IN_043.png,GATE_ESE_Papers/IN/IN/IN_2020_IN_043.png,IN,2020,IN,43,NAT,999 to 1001,2,0
IN_2020_IN_044.png,GATE_ESE_Papers/IN/IN/IN_2020_IN_044.png,IN,2020,IN,44,NAT,3.4 to 3.6,2,0
IN_2020_IN_045.png,GATE_ESE_Papers/IN/IN/IN_2020_IN_045.png,IN,2020,IN,45,NAT,0.95 to 1.05,2,0
IN_2020_IN_046.png,GATE_ESE_Papers/IN/IN/IN_2020_IN_046.png,IN,2020,IN,46,NAT,27.5 to 28.5,2,0
IN_2020_IN_047.png,GATE_ESE_Papers/IN/IN/IN_2020_IN_047.png,IN,2020,IN,47,NAT,200 to 200,2,0
IN_2020_IN_048.png,GATE_ESE_Papers/IN/IN/IN_2020_IN_048.png,IN,2020,IN,48,NAT,0 to 0,2,0
IN_2020_IN_049.png,GATE_ESE_Papers/IN/IN/IN_2020_IN_049.png,IN,2020,IN,49,NAT,14.5 to 15.0,2,0
IN_2020_IN_050.png,GATE_ESE_Papers/IN/IN/IN_2020_IN_050.png,IN,2020,IN,50,NAT,-0.13 to -0.11,2,0
IN_2020_IN_051.png,GATE_ESE_Papers/IN/IN/IN_2020_IN_051.png,IN,2020,IN,51,NAT,1.8 to 1.8,2,0
IN_2020_IN_052.png,GATE_ESE_Papers/IN/IN/IN_2020_IN_052.png,IN,2020,IN,52,NAT,0.95 to 1.05,2,0
IN_2020_IN_053.png,GATE_ESE_Papers/IN/IN/IN_2020_IN_053.png,IN,2020,IN,53,NAT,4.3 to 4.6,2,0
IN_2020_IN_054.png,GATE_ESE_Papers/IN/IN/IN_2020_IN_054.png,IN,2020,IN,54,NAT,10 to 10,2,0
IN_2020_IN_055.png,GATE_ESE_Papers/IN/IN/IN_2020_IN_055.png,IN,2020,IN,55,NAT,65.4 to 65.6,2,0
IN_2021_GA_001.png,GATE_ESE_Papers/IN/GA/IN_2021_GA_001.png,IN,2021,GA,1,MCQ,D,1,0.33
IN_2021_GA_002.png,GATE_ESE_Papers/IN/GA/IN_2021_GA_002.png,IN,2021,GA,2,MCQ,B,1,0.33
IN_2021_GA_003.png,GATE_ESE_Papers/IN/GA/IN_2021_GA_003.png,IN,2021,GA,3,MCQ,C,1,0.33
IN_2021_GA_004.png,GATE_ESE_Papers/IN/GA/IN_2021_GA_004.png,IN,2021,GA,4,MCQ,B,1,0.33
IN_2021_GA_005.png,GATE_ESE_Papers/IN/GA/IN_2021_GA_005.png,IN,2021,GA,5,MCQ,C,1,0.33
IN_2021_GA_006.png,GATE_ESE_Papers/IN/GA/IN_2021_GA_006.png,IN,2021,GA,6,MCQ,B,2,0.67
IN_2021_GA_007.png,GATE_ESE_Papers/IN/GA/IN_2021_GA_007.png,IN,2021,GA,7,MCQ,A,2,0.67
IN_2021_GA_008.png,GATE_ESE_Papers/IN/GA/IN_2021_GA_008.png,IN,2021,GA,8,MCQ,A,2,0.67
IN_2021_GA_009.png,GATE_ESE_Papers/IN/GA/IN_2021_GA_009.png,IN,2021,GA,9,MCQ,B,2,0.67
IN_2021_GA_010.png,GATE_ESE_Papers/IN/GA/IN_2021_GA_010.png,IN,2021,GA,10,MCQ,C,2,0.67
IN_2021_IN_001.png,GATE_ESE_Papers/IN/IN/IN_2021_IN_001.png,IN,2021,IN,1,MCQ,A,1,0.33
IN_2021_IN_002.png,GATE_ESE_Papers/IN/IN/IN_2021_IN_002.png,IN,2021,IN,2,MCQ,C,1,0.33
IN_2021_IN_003.png,GATE_ESE_Papers/IN/IN/IN_2021_IN_003.png,IN,2021,IN,3,MCQ,A,1,0.33
IN_2021_IN_004.png,GATE_ESE_Papers/IN/IN/IN_2021_IN_004.png,IN,2021,IN,4,MCQ,C,1,0.33
IN_2021_IN_005.png,GATE_ESE_Papers/IN/IN/IN_2021_IN_005.png,IN,2021,IN,5,MCQ,D,1,0.33
IN_2021_IN_006.png,GATE_ESE_Papers/IN/IN/IN_2021_IN_006.png,IN,2021,IN,6,MCQ,C,1,0.33
IN_2021_IN_007.png,GATE_ESE_Papers/IN/IN/IN_2021_IN_007.png,IN,2021,IN,7,MCQ,A,1,0.33
IN_2021_IN_008.png,GATE_ESE_Papers/IN/IN/IN_2021_IN_008.png,IN,2021,IN,8,MCQ,B,1,0.33
IN_2021_IN_009.png,GATE_ESE_Papers/IN/IN/IN_2021_IN_009.png,IN,2021,IN,9,MSQ,AB,1,0.0
IN_2021_IN_010.png,GATE_ESE_Papers/IN/IN/IN_2021_IN_010.png,IN,2021,IN,10,MSQ,AD,1,0.0
IN_2021_IN_011.png,GATE_ESE_Papers/IN/IN/IN_2021_IN_011.png,IN,2021,IN,11,MSQ,AC,1,0.0
IN_2021_IN_012.png,GATE_ESE_Papers/IN/IN/IN_2021_IN_012.png,IN,2021,IN,12,NAT,0.24 to 0.26,1,0.0
IN_2021_IN_013.png,GATE_ESE_Papers/IN/IN/IN_2021_IN_013.png,IN,2021,IN,13,NAT,-1 to -1,1,0.0
IN_2021_IN_014.png,GATE_ESE_Papers/IN/IN/IN_2021_IN_014.png,IN,2021,IN,14,NAT,1 to 1,1,0.0
IN_2021_IN_015.png,GATE_ESE_Papers/IN/IN/IN_2021_IN_015.png,IN,2021,IN,15,NAT,10 to 10,1,0.0
IN_2021_IN_016.png,GATE_ESE_Papers/IN/IN/IN_2021_IN_016.png,IN,2021,IN,16,NAT,0.2 to 0.2,1,0.0
IN_2021_IN_017.png,GATE_ESE_Papers/IN/IN/IN_2021_IN_017.png,IN,2021,IN,17,NAT,4.9 to 5.1,1,0.0
IN_2021_IN_018.png,GATE_ESE_Papers/IN/IN/IN_2021_IN_018.png,IN,2021,IN,18,NAT,1000.25 to 1000.25,1,0.0
IN_2021_IN_019.png,GATE_ESE_Papers/IN/IN/IN_2021_IN_019.png,IN,2021,IN,19,NAT,1333 to 1360,1,0.0
IN_2021_IN_020.png,GATE_ESE_Papers/IN/IN/IN_2021_IN_020.png,IN,2021,IN,20,NAT,10 to 10,1,0.0
IN_2021_IN_021.png,GATE_ESE_Papers/IN/IN/IN_2021_IN_021.png,IN,2021,IN,21,NAT,15.0 to 15.5,1,0.0
IN_2021_IN_022.png,GATE_ESE_Papers/IN/IN/IN_2021_IN_022.png,IN,2021,IN,22,NAT,650 to 650,1,0.0
IN_2021_IN_023.png,GATE_ESE_Papers/IN/IN/IN_2021_IN_023.png,IN,2021,IN,23,NAT,100 to 100,1,0.0
IN_2021_IN_024.png,GATE_ESE_Papers/IN/IN/IN_2021_IN_024.png,IN,2021,IN,24,NAT,0 to 0,1,0.0
IN_2021_IN_025.png,GATE_ESE_Papers/IN/IN/IN_2021_IN_025.png,IN,2021,IN,25,NAT,4 to 4,1,0.0
IN_2021_IN_026.png,GATE_ESE_Papers/IN/IN/IN_2021_IN_026.png,IN,2021,IN,26,MCQ,B,2,0.67
IN_2021_IN_027.png,GATE_ESE_Papers/IN/IN/IN_2021_IN_027.png,IN,2021,IN,27,MCQ,B,2,0.67
IN_2021_IN_028.png,GATE_ESE_Papers/IN/IN/IN_2021_IN_028.png,IN,2021,IN,28,MCQ,A,2,0.67
IN_2021_IN_029.png,GATE_ESE_Papers/IN/IN/IN_2021_IN_029.png,IN,2021,IN,29,MCQ,A,2,0.67
IN_2021_IN_030.png,GATE_ESE_Papers/IN/IN/IN_2021_IN_030.png,IN,2021,IN,30,MCQ,C,2,0.67
IN_2021_IN_031.png,GATE_ESE_Papers/IN/IN/IN_2021_IN_031.png,IN,2021,IN,31,MCQ,C,2,0.67
IN_2021_IN_032.png,GATE_ESE_Papers/IN/IN/IN_2021_IN_032.png,IN,2021,IN,32,MCQ,D,2,0.67
IN_2021_IN_033.png,GATE_ESE_Papers/IN/IN/IN_2021_IN_033.png,IN,2021,IN,33,MCQ,B,2,0.67
IN_2021_IN_034.png,GATE_ESE_Papers/IN/IN/IN_2021_IN_034.png,IN,2021,IN,34,MCQ,D,2,0.67
IN_2021_IN_035.png,GATE_ESE_Papers/IN/IN/IN_2021_IN_035.png,IN,2021,IN,35,MCQ,B,2,0.67
IN_2021_IN_036.png,GATE_ESE_Papers/IN/IN/IN_2021_IN_036.png,IN,2021,IN,36,MCQ,B,2,0.67
IN_2021_IN_037.png,GATE_ESE_Papers/IN/IN/IN_2021_IN_037.png,IN,2021,IN,37,NAT,0.45 to 0.55,2,0.0
IN_2021_IN_038.png,GATE_ESE_Papers/IN/IN/IN_2021_IN_038.png,IN,2021,IN,38,NAT,4 to 4,2,0.0
IN_2021_IN_039.png,GATE_ESE_Papers/IN/IN/IN_2021_IN_039.png,IN,2021,IN,39,NAT,2.7 to 2.9,2,0.0
IN_2021_IN_040.png,GATE_ESE_Papers/IN/IN/IN_2021_IN_040.png,IN,2021,IN,40,NAT,10 to 10,2,0.0
IN_2021_IN_041.png,GATE_ESE_Papers/IN/IN/IN_2021_IN_041.png,IN,2021,IN,41,NAT,30 to 30,2,0.0
IN_2021_IN_042.png,GATE_ESE_Papers/IN/IN/IN_2021_IN_042.png,IN,2021,IN,42,NAT,39 to 40,2,0.0
IN_2021_IN_043.png,GATE_ESE_Papers/IN/IN/IN_2021_IN_043.png,IN,2021,IN,43,NAT,0.3 to 0.35,2,0.0
IN_2021_IN_044.png,GATE_ESE_Papers/IN/IN/IN_2021_IN_044.png,IN,2021,IN,44,NAT,10 to 10,2,0.0
IN_2021_IN_045.png,GATE_ESE_Papers/IN/IN/IN_2021_IN_045.png,IN,2021,IN,45,NAT,0.95 to 1.05,2,0.0
IN_2021_IN_046.png,GATE_ESE_Papers/IN/IN/IN_2021_IN_046.png,IN,2021,IN,46,NAT,1 to 1,2,0.0
IN_2021_IN_047.png,GATE_ESE_Papers/IN/IN/IN_2021_IN_047.png,IN,2021,IN,47,NAT,1.0 to 1.1,2,0.0
IN_2021_IN_048.png,GATE_ESE_Papers/IN/IN/IN_2021_IN_048.png,IN,2021,IN,48,NAT,1 to 1,2,0.0
IN_2021_IN_049.png,GATE_ESE_Papers/IN/IN/IN_2021_IN_049.png,IN,2021,IN,49,NAT,0 to 0,2,0.0
IN_2021_IN_050.png,GATE_ESE_Papers/IN/IN/IN_2021_IN_050.png,IN,2021,IN,50,NAT,111 to 111,2,0.0
IN_2021_IN_051.png,GATE_ESE_Papers/IN/IN/IN_2021_IN_051.png,IN,2021,IN,51,NAT,4.9 to 5.1,2,0.0
IN_2021_IN_052.png,GATE_ESE_Papers/IN/IN/IN_2021_IN_052.png,IN,2021,IN,52,NAT,99 to 99,2,0.0
IN_2021_IN_053.png,GATE_ESE_Papers/IN/IN/IN_2021_IN_053.png,IN,2021,IN,53,NAT,2.45 to 2.55,2,0.0
IN_2021_IN_054.png,GATE_ESE_Papers/IN/IN/IN_2021_IN_054.png,IN,2021,IN,54,NAT,120 to 120,2,0.0
IN_2021_IN_055.png,GATE_ESE_Papers/IN/IN/IN_2021_IN_055.png,IN,2021,IN,55,NAT,1.30 to 1.35,2,0.0
IN_2022_GA_001.png,GATE_ESE_Papers/IN/GA/IN_2022_GA_001.png,IN,2022,GA,1,MCQ,C,1,0.33
IN_2022_GA_002.png,GATE_ESE_Papers/IN/GA/IN_2022_GA_002.png,IN,2022,GA,2,MCQ,D,1,0.33
IN_2022_GA_003.png,GATE_ESE_Papers/IN/GA/IN_2022_GA_003.png,IN,2022,GA,3,MCQ,C,1,0.33
IN_2022_GA_004.png,GATE_ESE_Papers/IN/GA/IN_2022_GA_004.png,IN,2022,GA,4,MCQ,C,1,0.33
IN_2022_GA_005.png,GATE_ESE_Papers/IN/GA/IN_2022_GA_005.png,IN,2022,GA,5,MCQ,C,1,0.33
IN_2022_GA_006.png,GATE_ESE_Papers/IN/GA/IN_2022_GA_006.png,IN,2022,GA,6,MCQ,B,2,0.67
IN_2022_GA_007.png,GATE_ESE_Papers/IN/GA/IN_2022_GA_007.png,IN,2022,GA,7,MCQ,D,2,0.67
IN_2022_GA_008.png,GATE_ESE_Papers/IN/GA/IN_2022_GA_008.png,IN,2022,GA,8,MCQ,A,2,0.67
IN_2022_GA_009.png,GATE_ESE_Papers/IN/GA/IN_2022_GA_009.png,IN,2022,GA,9,MCQ,C,2,0.67
IN_2022_GA_010.png,GATE_ESE_Papers/IN/GA/IN_2022_GA_010.png,IN,2022,GA,10,MCQ,C,2,0.67
IN_2022_IN_001.png,GATE_ESE_Papers/IN/IN/IN_2022_IN_001.png,IN,2022,IN,1,MCQ,B,1,0.33
IN_2022_IN_002.png,GATE_ESE_Papers/IN/IN/IN_2022_IN_002.png,IN,2022,IN,2,MCQ,D,1,0.33
IN_2022_IN_003.png,GATE_ESE_Papers/IN/IN/IN_2022_IN_003.png,IN,2022,IN,3,MCQ,B,1,0.33
IN_2022_IN_004.png,GATE_ESE_Papers/IN/IN/IN_2022_IN_004.png,IN,2022,IN,4,MCQ,A,1,0.33
IN_2022_IN_005.png,GATE_ESE_Papers/IN/IN/IN_2022_IN_005.png,IN,2022,IN,5,MCQ,B,1,0.33
IN_2022_IN_006.png,GATE_ESE_Papers/IN/IN/IN_2022_IN_006.png,IN,2022,IN,6,MCQ,A,1,0.33
IN_2022_IN_007.png,GATE_ESE_Papers/IN/IN/IN_2022_IN_007.png,IN,2022,IN,7,MCQ,D,1,0.33
IN_2022_IN_008.png,GATE_ESE_Papers/IN/IN/IN_2022_IN_008.png,IN,2022,IN,8,MCQ,C,1,0.33
IN_2022_IN_009.png,GATE_ESE_Papers/IN/IN/IN_2022_IN_009.png,IN,2022,IN,9,MCQ,D,1,0.33
IN_2022_IN_010.png,GATE_ESE_Papers/IN/IN/IN_2022_IN_010.png,IN,2022,IN,10,MCQ,C,1,0.33
IN_2022_IN_011.png,GATE_ESE_Papers/IN/IN/IN_2022_IN_011.png,IN,2022,IN,11,MCQ,D,1,0.33
IN_2022_IN_012.png,GATE_ESE_Papers/IN/IN/IN_2022_IN_012.png,IN,2022,IN,12,MSQ,"A,C,D",1,0
IN_2022_IN_013.png,GATE_ESE_Papers/IN/IN/IN_2022_IN_013.png,IN,2022,IN,13,MSQ,"A,B",1,0
IN_2022_IN_014.png,GATE_ESE_Papers/IN/IN/IN_2022_IN_014.png,IN,2022,IN,14,MSQ,"A,D",1,0
IN_2022_IN_015.png,GATE_ESE_Papers/IN/IN/IN_2022_IN_015.png,IN,2022,IN,15,NAT,10 to 10,1,0
IN_2022_IN_016.png,GATE_ESE_Papers/IN/IN/IN_2022_IN_016.png,IN,2022,IN,16,NAT,0.42 to 0.44,1,0
IN_2022_IN_017.png,GATE_ESE_Papers/IN/IN/IN_2022_IN_017.png,IN,2022,IN,17,NAT,870.0 to 880.0,1,0
IN_2022_IN_018.png,GATE_ESE_Papers/IN/IN/IN_2022_IN_018.png,IN,2022,IN,18,NAT,-3.0 to -3.0,1,0
IN_2022_IN_019.png,GATE_ESE_Papers/IN/IN/IN_2022_IN_019.png,IN,2022,IN,19,NAT,1440.0 to 1440.0,1,0
IN_2022_IN_020.png,GATE_ESE_Papers/IN/IN/IN_2022_IN_020.png,IN,2022,IN,20,NAT,3 to 3,1,0
IN_2022_IN_021.png,GATE_ESE_Papers/IN/IN/IN_2022_IN_021.png,IN,2022,IN,21,NAT,6.0 to 6.0,1,0
IN_2022_IN_022.png,GATE_ESE_Papers/IN/IN/IN_2022_IN_022.png,IN,2022,IN,22,NAT,0.32 to 0.34,1,0
IN_2022_IN_023.png,GATE_ESE_Papers/IN/IN/IN_2022_IN_023.png,IN,2022,IN,23,NAT,6.22 to 6.42,1,0
IN_2022_IN_024.png,GATE_ESE_Papers/IN/IN/IN_2022_IN_024.png,IN,2022,IN,24,NAT,0.99 to 1.01,1,0
IN_2022_IN_025.png,GATE_ESE_Papers/IN/IN/IN_2022_IN_025.png,IN,2022,IN,25,NAT,9.9 to 10.0,1,0
IN_2022_IN_026.png,GATE_ESE_Papers/IN/IN/IN_2022_IN_026.png,IN,2022,IN,26,MCQ,D,2,0.67
IN_2022_IN_027.png,GATE_ESE_Papers/IN/IN/IN_2022_IN_027.png,IN,2022,IN,27,MCQ,A,2,0.67
IN_2022_IN_028.png,GATE_ESE_Papers/IN/IN/IN_2022_IN_028.png,IN,2022,IN,28,MCQ,C,2,0.67
IN_2022_IN_029.png,GATE_ESE_Papers/IN/IN/IN_2022_IN_029.png,IN,2022,IN,29,MCQ,A,2,0.67
IN_2022_IN_030.png,GATE_ESE_Papers/IN/IN/IN_2022_IN_030.png,IN,2022,IN,30,MCQ,B,2,0.67
IN_2022_IN_031.png,GATE_ESE_Papers/IN/IN/IN_2022_IN_031.png,IN,2022,IN,31,MCQ,C,2,0.67
IN_2022_IN_032.png,GATE_ESE_Papers/IN/IN/IN_2022_IN_032.png,IN,2022,IN,32,MCQ,C,2,0.67
IN_2022_IN_033.png,GATE_ESE_Papers/IN/IN/IN_2022_IN_033.png,IN,2022,IN,33,MCQ,A,2,0.67
IN_2022_IN_034.png,GATE_ESE_Papers/IN/IN/IN_2022_IN_034.png,IN,2022,IN,34,MCQ,B,2,0.67
IN_2022_IN_035.png,GATE_ESE_Papers/IN/IN/IN_2022_IN_035.png,IN,2022,IN,35,MCQ,C,2,0.67
IN_2022_IN_036.png,GATE_ESE_Papers/IN/IN/IN_2022_IN_036.png,IN,2022,IN,36,MCQ,A,2,0.67
IN_2022_IN_037.png,GATE_ESE_Papers/IN/IN/IN_2022_IN_037.png,IN,2022,IN,37,MCQ,D,2,0.67
IN_2022_IN_038.png,GATE_ESE_Papers/IN/IN/IN_2022_IN_038.png,IN,2022,IN,38,MCQ,B,2,0.67
IN_2022_IN_039.png,GATE_ESE_Papers/IN/IN/IN_2022_IN_039.png,IN,2022,IN,39,MSQ,"A,C",2,0
IN_2022_IN_040.png,GATE_ESE_Papers/IN/IN/IN_2022_IN_040.png,IN,2022,IN,40,MSQ,"A,C",2,0
IN_2022_IN_041.png,GATE_ESE_Papers/IN/IN/IN_2022_IN_041.png,IN,2022,IN,41,NAT,0.75 to 0.85,2,0
IN_2022_IN_042.png,GATE_ESE_Papers/IN/IN/IN_2022_IN_042.png,IN,2022,IN,42,NAT,0.8 to 0.8,2,0
IN_2022_IN_043.png,GATE_ESE_Papers/IN/IN/IN_2022_IN_043.png,IN,2022,IN,43,NAT,-60 to -60,2,0
IN_2022_IN_044.png,GATE_ESE_Papers/IN/IN/IN_2022_IN_044.png,IN,2022,IN,44,NAT,0.0 to 0.0,2,0
IN_2022_IN_045.png,GATE_ESE_Papers/IN/IN/IN_2022_IN_045.png,IN,2022,IN,45,NAT,141.80 to 146.20,2,0
IN_2022_IN_046.png,GATE_ESE_Papers/IN/IN/IN_2022_IN_046.png,IN,2022,IN,46,NAT,15.80 to 16.00,2,0
IN_2022_IN_047.png,GATE_ESE_Papers/IN/IN/IN_2022_IN_047.png,IN,2022,IN,47,NAT,200.0 to 200.0,2,0
IN_2022_IN_048.png,GATE_ESE_Papers/IN/IN/IN_2022_IN_048.png,IN,2022,IN,48,NAT,148.00 to 152.00,2,0
IN_2022_IN_049.png,GATE_ESE_Papers/IN/IN/IN_2022_IN_049.png,IN,2022,IN,49,NAT,32.8 to 33.9,2,0
IN_2022_IN_050.png,GATE_ESE_Papers/IN/IN/IN_2022_IN_050.png,IN,2022,IN,50,NAT,2.35 to 2.43,2,0
IN_2022_IN_051.png,GATE_ESE_Papers/IN/IN/IN_2022_IN_051.png,IN,2022,IN,51,NAT,0.49 to 0.51,2,0
IN_2022_IN_052.png,GATE_ESE_Papers/IN/IN/IN_2022_IN_052.png,IN,2022,IN,52,NAT,-10.1 to -9.9,2,0
IN_2022_IN_053.png,GATE_ESE_Papers/IN/IN/IN_2022_IN_053.png,IN,2022,IN,53,NAT,14.40 to 14.60,2,0
IN_2022_IN_054.png,GATE_ESE_Papers/IN/IN/IN_2022_IN_054.png,IN,2022,IN,54,NAT,0.365 to 0.369,2,0
IN_2022_IN_055.png,GATE_ESE_Papers/IN/IN/IN_2022_IN_055.png,IN,2022,IN,55,NAT,1.62 to 1.72,2,0
IN_2023_GA_001.png,GATE_ESE_Papers/IN/GA/IN_2023_GA_001.png,IN,2023,GA,1,MCQ,D,1,0.33
IN_2023_GA_002.png,GATE_ESE_Papers/IN/GA/IN_2023_GA_002.png,IN,2023,GA,2,MCQ,C,1,0.33
IN_2023_GA_003.png,GATE_ESE_Papers/IN/GA/IN_2023_GA_003.png,IN,2023,GA,3,MCQ,D,1,0.33
IN_2023_GA_004.png,GATE_ESE_Papers/IN/GA/IN_2023_GA_004.png,IN,2023,GA,4,MCQ,C,1,0.33
IN_2023_GA_005.png,GATE_ESE_Papers/IN/GA/IN_2023_GA_005.png,IN,2023,GA,5,MCQ,B,1,0.33
IN_2023_GA_006.png,GATE_ESE_Papers/IN/GA/IN_2023_GA_006.png,IN,2023,GA,6,MCQ,MTA,2,0
IN_2023_GA_007.png,GATE_ESE_Papers/IN/GA/IN_2023_GA_007.png,IN,2023,GA,7,MCQ,A,2,0.67
IN_2023_GA_008.png,GATE_ESE_Papers/IN/GA/IN_2023_GA_008.png,IN,2023,GA,8,MCQ,D,2,0.67
IN_2023_GA_009.png,GATE_ESE_Papers/IN/GA/IN_2023_GA_009.png,IN,2023,GA,9,MCQ,A,2,0.67
IN_2023_GA_010.png,GATE_ESE_Papers/IN/GA/IN_2023_GA_010.png,IN,2023,GA,10,MCQ,D,2,0.67
IN_2023_IN_001.png,GATE_ESE_Papers/IN/IN/IN_2023_IN_001.png,IN,2023,IN,1,MCQ,A,1,0.33
IN_2023_IN_002.png,GATE_ESE_Papers/IN/IN/IN_2023_IN_002.png,IN,2023,IN,2,MCQ,A,1,0.33
IN_2023_IN_003.png,GATE_ESE_Papers/IN/IN/IN_2023_IN_003.png,IN,2023,IN,3,MCQ,D,1,0.33
IN_2023_IN_004.png,GATE_ESE_Papers/IN/IN/IN_2023_IN_004.png,IN,2023,IN,4,MCQ,C,1,0.33
IN_2023_IN_005.png,GATE_ESE_Papers/IN/IN/IN_2023_IN_005.png,IN,2023,IN,5,MCQ,A,1,0.33
IN_2023_IN_006.png,GATE_ESE_Papers/IN/IN/IN_2023_IN_006.png,IN,2023,IN,6,MCQ,A,1,0.33
IN_2023_IN_007.png,GATE_ESE_Papers/IN/IN/IN_2023_IN_007.png,IN,2023,IN,7,MCQ,D,1,0.33
IN_2023_IN_008.png,GATE_ESE_Papers/IN/IN/IN_2023_IN_008.png,IN,2023,IN,8,MCQ,B,1,0.33
IN_2023_IN_009.png,GATE_ESE_Papers/IN/IN/IN_2023_IN_009.png,IN,2023,IN,9,MCQ,B,1,0.33
IN_2023_IN_010.png,GATE_ESE_Papers/IN/IN/IN_2023_IN_010.png,IN,2023,IN,10,MCQ,C,1,0.33
IN_2023_IN_011.png,GATE_ESE_Papers/IN/IN/IN_2023_IN_011.png,IN,2023,IN,11,MCQ,C,1,0.33
IN_2023_IN_012.png,GATE_ESE_Papers/IN/IN/IN_2023_IN_012.png,IN,2023,IN,12,MCQ,B,1,0.33
IN_2023_IN_013.png,GATE_ESE_Papers/IN/IN/IN_2023_IN_013.png,IN,2023,IN,13,MCQ,A,1,0.33
IN_2023_IN_014.png,GATE_ESE_Papers/IN/IN/IN_2023_IN_014.png,IN,2023,IN,14,NAT,2 to 2,1,0
IN_2023_IN_015.png,GATE_ESE_Papers/IN/IN/IN_2023_IN_015.png,IN,2023,IN,15,NAT,2 to 2,1,0
IN_2023_IN_016.png,GATE_ESE_Papers/IN/IN/IN_2023_IN_016.png,IN,2023,IN,16,NAT,1110 to 1110,1,0
IN_2023_IN_017.png,GATE_ESE_Papers/IN/IN/IN_2023_IN_017.png,IN,2023,IN,17,NAT,4.9 to 5.1,1,0
IN_2023_IN_018.png,GATE_ESE_Papers/IN/IN/IN_2023_IN_018.png,IN,2023,IN,18,NAT,-3 to -3,1,0
IN_2023_IN_019.png,GATE_ESE_Papers/IN/IN/IN_2023_IN_019.png,IN,2023,IN,19,NAT,25 to 25,1,0
IN_2023_IN_020.png,GATE_ESE_Papers/IN/IN/IN_2023_IN_020.png,IN,2023,IN,20,NAT,0.99 to 1.01,1,0
IN_2023_IN_021.png,GATE_ESE_Papers/IN/IN/IN_2023_IN_021.png,IN,2023,IN,21,NAT,1.0 to 1.0,1,0
IN_2023_IN_022.png,GATE_ESE_Papers/IN/IN/IN_2023_IN_022.png,IN,2023,IN,22,NAT,-0.5 to -0.5,1,0
IN_2023_IN_023.png,GATE_ESE_Papers/IN/IN/IN_2023_IN_023.png,IN,2023,IN,23,NAT,0.95 to 1.05,1,0
IN_2023_IN_024.png,GATE_ESE_Papers/IN/IN/IN_2023_IN_024.png,IN,2023,IN,24,NAT,0 to 0,1,0
IN_2023_IN_025.png,GATE_ESE_Papers/IN/IN/IN_2023_IN_025.png,IN,2023,IN,25,NAT,0 to 0,1,0
IN_2023_IN_026.png,GATE_ESE_Papers/IN/IN/IN_2023_IN_026.png,IN,2023,IN,26,MCQ,A,2,0.67
IN_2023_IN_027.png,GATE_ESE_Papers/IN/IN/IN_2023_IN_027.png,IN,2023,IN,27,MCQ,C,2,0.67
IN_2023_IN_028.png,GATE_ESE_Papers/IN/IN/IN_2023_IN_028.png,IN,2023,IN,28,MCQ,A,2,0.67
IN_2023_IN_029.png,GATE_ESE_Papers/IN/IN/IN_2023_IN_029.png,IN,2023,IN,29,MCQ,A,2,0.67
IN_2023_IN_030.png,GATE_ESE_Papers/IN/IN/IN_2023_IN_030.png,IN,2023,IN,30,MCQ,C,2,0.67
IN_2023_IN_031.png,GATE_ESE_Papers/IN/IN/IN_2023_IN_031.png,IN,2023,IN,31,MCQ,A,2,0.67
IN_2023_IN_032.png,GATE_ESE_Papers/IN/IN/IN_2023_IN_032.png,IN,2023,IN,32,MCQ,C,2,0.67
IN_2023_IN_033.png,GATE_ESE_Papers/IN/IN/IN_2023_IN_033.png,IN,2023,IN,33,MCQ,B,2,0.67
IN_2023_IN_034.png,GATE_ESE_Papers/IN/IN/IN_2023_IN_034.png,IN,2023,IN,34,MSQ,"B,C",2,0
IN_2023_IN_035.png,GATE_ESE_Papers/IN/IN/IN_2023_IN_035.png,IN,2023,IN,35,NAT,0.620 to 0.640,2,0
IN_2023_IN_036.png,GATE_ESE_Papers/IN/IN/IN_2023_IN_036.png,IN,2023,IN,36,NAT,1.40 to 1.50,2,0
IN_2023_IN_037.png,GATE_ESE_Papers/IN/IN/IN_2023_IN_037.png,IN,2023,IN,37,NAT,0.43 to 0.45,2,0
IN_2023_IN_038.png,GATE_ESE_Papers/IN/IN/IN_2023_IN_038.png,IN,2023,IN,38,NAT,0.9 to 1.1,2,0
IN_2023_IN_039.png,GATE_ESE_Papers/IN/IN/IN_2023_IN_039.png,IN,2023,IN,39,NAT,240 to 240,2,0
IN_2023_IN_040.png,GATE_ESE_Papers/IN/IN/IN_2023_IN_040.png,IN,2023,IN,40,NAT,-2 to 2,2,0
IN_2023_IN_041.png,GATE_ESE_Papers/IN/IN/IN_2023_IN_041.png,IN,2023,IN,41,NAT,1.77 to 1.78,2,0
IN_2023_IN_042.png,GATE_ESE_Papers/IN/IN/IN_2023_IN_042.png,IN,2023,IN,42,NAT,34.5 to 35.5,2,0
IN_2023_IN_043.png,GATE_ESE_Papers/IN/IN/IN_2023_IN_043.png,IN,2023,IN,43,NAT,0.98 to 1.02,2,0
IN_2023_IN_044.png,GATE_ESE_Papers/IN/IN/IN_2023_IN_044.png,IN,2023,IN,44,NAT,4.00 to 4.10,2,0
IN_2023_IN_045.png,GATE_ESE_Papers/IN/IN/IN_2023_IN_045.png,IN,2023,IN,45,NAT,17.00 to 18.00,2,0
IN_2023_IN_046.png,GATE_ESE_Papers/IN/IN/IN_2023_IN_046.png,IN,2023,IN,46,NAT,0.64 to 0.70,2,0
IN_2023_IN_047.png,GATE_ESE_Papers/IN/IN/IN_2023_IN_047.png,IN,2023,IN,47,NAT,0.9 to 1.1,2,0
IN_2023_IN_048.png,GATE_ESE_Papers/IN/IN/IN_2023_IN_048.png,IN,2023,IN,48,NAT,0.95 to 1.05,2,0
IN_2023_IN_049.png,GATE_ESE_Papers/IN/IN/IN_2023_IN_049.png,IN,2023,IN,49,NAT,0.49 to 0.51,2,0
IN_2023_IN_050.png,GATE_ESE_Papers/IN/IN/IN_2023_IN_050.png,IN,2023,IN,50,NAT,99 to 101,2,0
IN_2023_IN_051.png,GATE_ESE_Papers/IN/IN/IN_2023_IN_051.png,IN,2023,IN,51,NAT,2.1 to 2.5,2,0
IN_2023_IN_052.png,GATE_ESE_Papers/IN/IN/IN_2023_IN_052.png,IN,2023,IN,52,NAT,1.9 to 2.1,2,0
IN_2023_IN_053.png,GATE_ESE_Papers/IN/IN/IN_2023_IN_053.png,IN,2023,IN,53,NAT,-8 to -8,2,0
IN_2023_IN_054.png,GATE_ESE_Papers/IN/IN/IN_2023_IN_054.png,IN,2023,IN,54,NAT,0.009 to 0.011,2,0
IN_2023_IN_055.png,GATE_ESE_Papers/IN/IN/IN_2023_IN_055.png,IN,2023,IN,55,NAT,99.0 to 101.0,2,0
IN_2024_GA_001.png,GATE_ESE_Papers/IN/GA/IN_2024_GA_001.png,IN,2024,GA,1,MCQ,A,1,0.33
IN_2024_GA_002.png,GATE_ESE_Papers/IN/GA/IN_2024_GA_002.png,IN,2024,GA,2,MCQ,B,1,0.33
IN_2024_GA_003.png,GATE_ESE_Papers/IN/GA/IN_2024_GA_003.png,IN,2024,GA,3,MCQ,D,1,0.33
IN_2024_GA_004.png,GATE_ESE_Papers/IN/GA/IN_2024_GA_004.png,IN,2024,GA,4,MCQ,A,1,0.33
IN_2024_GA_005.png,GATE_ESE_Papers/IN/GA/IN_2024_GA_005.png,IN,2024,GA,5,MCQ,B,1,0.33
IN_2024_GA_006.png,GATE_ESE_Papers/IN/GA/IN_2024_GA_006.png,IN,2024,GA,6,MCQ,D,2,0.67
IN_2024_GA_007.png,GATE_ESE_Papers/IN/GA/IN_2024_GA_007.png,IN,2024,GA,7,MCQ,B,2,0.67
IN_2024_GA_008.png,GATE_ESE_Papers/IN/GA/IN_2024_GA_008.png,IN,2024,GA,8,MCQ,C,2,0.67
IN_2024_GA_009.png,GATE_ESE_Papers/IN/GA/IN_2024_GA_009.png,IN,2024,GA,9,MCQ,A,2,0.67
IN_2024_GA_010.png,GATE_ESE_Papers/IN/GA/IN_2024_GA_010.png,IN,2024,GA,10,MCQ,A,2,0.67
IN_2024_IN_001.png,GATE_ESE_Papers/IN/IN/IN_2024_IN_001.png,IN,2024,IN,1,MCQ,B,1,0.33
IN_2024_IN_002.png,GATE_ESE_Papers/IN/IN/IN_2024_IN_002.png,IN,2024,IN,2,MCQ,B,1,0.33
IN_2024_IN_003.png,GATE_ESE_Papers/IN/IN/IN_2024_IN_003.png,IN,2024,IN,3,MCQ,D,1,0.33
IN_2024_IN_004.png,GATE_ESE_Papers/IN/IN/IN_2024_IN_004.png,IN,2024,IN,4,MCQ,A,1,0.33
IN_2024_IN_005.png,GATE_ESE_Papers/IN/IN/IN_2024_IN_005.png,IN,2024,IN,5,MCQ,A,1,0.33
IN_2024_IN_006.png,GATE_ESE_Papers/IN/IN/IN_2024_IN_006.png,IN,2024,IN,6,MCQ,A,1,0.33
IN_2024_IN_007.png,GATE_ESE_Papers/IN/IN/IN_2024_IN_007.png,IN,2024,IN,7,MCQ,B,1,0.33
IN_2024_IN_008.png,GATE_ESE_Papers/IN/IN/IN_2024_IN_008.png,IN,2024,IN,8,MCQ,A,1,0.33
IN_2024_IN_009.png,GATE_ESE_Papers/IN/IN/IN_2024_IN_009.png,IN,2024,IN,9,MCQ,C,1,0.33
IN_2024_IN_010.png,GATE_ESE_Papers/IN/IN/IN_2024_IN_010.png,IN,2024,IN,10,MCQ,A,1,0.33
IN_2024_IN_011.png,GATE_ESE_Papers/IN/IN/IN_2024_IN_011.png,IN,2024,IN,11,NAT,0.15 to 0.17,1,0
IN_2024_IN_012.png,GATE_ESE_Papers/IN/IN/IN_2024_IN_012.png,IN,2024,IN,12,NAT,0.70 to 0.80,1,0
IN_2024_IN_013.png,GATE_ESE_Papers/IN/IN/IN_2024_IN_013.png,IN,2024,IN,13,NAT,1.6 to 1.6,1,0
IN_2024_IN_014.png,GATE_ESE_Papers/IN/IN/IN_2024_IN_014.png,IN,2024,IN,14,NAT,498 to 502,1,0
IN_2024_IN_015.png,GATE_ESE_Papers/IN/IN/IN_2024_IN_015.png,IN,2024,IN,15,NAT,32 to 32,1,0
IN_2024_IN_016.png,GATE_ESE_Papers/IN/IN/IN_2024_IN_016.png,IN,2024,IN,16,NAT,-2 to -2,1,0
IN_2024_IN_017.png,GATE_ESE_Papers/IN/IN/IN_2024_IN_017.png,IN,2024,IN,17,NAT,400 to 400,1,0
IN_2024_IN_018.png,GATE_ESE_Papers/IN/IN/IN_2024_IN_018.png,IN,2024,IN,18,NAT,22 to 22,1,0
IN_2024_IN_019.png,GATE_ESE_Papers/IN/IN/IN_2024_IN_019.png,IN,2024,IN,19,NAT,-3 to -3,1,0
IN_2024_IN_020.png,GATE_ESE_Papers/IN/IN/IN_2024_IN_020.png,IN,2024,IN,20,NAT,200 to 200,1,0
IN_2024_IN_021.png,GATE_ESE_Papers/IN/IN/IN_2024_IN_021.png,IN,2024,IN,21,NAT,27.0 to 30.0,1,0
IN_2024_IN_022.png,GATE_ESE_Papers/IN/IN/IN_2024_IN_022.png,IN,2024,IN,22,NAT,10.1 to 10.3,1,0
IN_2024_IN_023.png,GATE_ESE_Papers/IN/IN/IN_2024_IN_023.png,IN,2024,IN,23,NAT,15 to 15,1,0
IN_2024_IN_024.png,GATE_ESE_Papers/IN/IN/IN_2024_IN_024.png,IN,2024,IN,24,NAT,1.10 to 1.12,1,0
IN_2024_IN_025.png,GATE_ESE_Papers/IN/IN/IN_2024_IN_025.png,IN,2024,IN,25,NAT,0.5 to 0.5,1,0
IN_2024_IN_026.png,GATE_ESE_Papers/IN/IN/IN_2024_IN_026.png,IN,2024,IN,26,MCQ,A,2,0.67
IN_2024_IN_027.png,GATE_ESE_Papers/IN/IN/IN_2024_IN_027.png,IN,2024,IN,27,MCQ,A,2,0.67
IN_2024_IN_028.png,GATE_ESE_Papers/IN/IN/IN_2024_IN_028.png,IN,2024,IN,28,MCQ,C,2,0.67
IN_2024_IN_029.png,GATE_ESE_Papers/IN/IN/IN_2024_IN_029.png,IN,2024,IN,29,MCQ,C,2,0.67
IN_2024_IN_030.png,GATE_ESE_Papers/IN/IN/IN_2024_IN_030.png,IN,2024,IN,30,MCQ,B,2,0.67
IN_2024_IN_031.png,GATE_ESE_Papers/IN/IN/IN_2024_IN_031.png,IN,2024,IN,31,MCQ,A,2,0.67
IN_2024_IN_032.png,GATE_ESE_Papers/IN/IN/IN_2024_IN_032.png,IN,2024,IN,32,MCQ,A,2,0.67
IN_2024_IN_033.png,GATE_ESE_Papers/IN/IN/IN_2024_IN_033.png,IN,2024,IN,33,MCQ,A,2,0.67
IN_2024_IN_034.png,GATE_ESE_Papers/IN/IN/IN_2024_IN_034.png,IN,2024,IN,34,MCQ,A,2,0.67
IN_2024_IN_035.png,GATE_ESE_Papers/IN/IN/IN_2024_IN_035.png,IN,2024,IN,35,MCQ,A,2,0.67
IN_2024_IN_036.png,GATE_ESE_Papers/IN/IN/IN_2024_IN_036.png,IN,2024,IN,36,MCQ,A,2,0.67
IN_2024_IN_037.png,GATE_ESE_Papers/IN/IN/IN_2024_IN_037.png,IN,2024,IN,37,MCQ,C,2,0.67
IN_2024_IN_038.png,GATE_ESE_Papers/IN/IN/IN_2024_IN_038.png,IN,2024,IN,38,MCQ,A,2,0.67
IN_2024_IN_039.png,GATE_ESE_Papers/IN/IN/IN_2024_IN_039.png,IN,2024,IN,39,MSQ,"A,C",2,0
IN_2024_IN_040.png,GATE_ESE_Papers/IN/IN/IN_2024_IN_040.png,IN,2024,IN,40,NAT,0.450 to 0.550,2,0
IN_2024_IN_041.png,GATE_ESE_Papers/IN/IN/IN_2024_IN_041.png,IN,2024,IN,41,NAT,4 to 4,2,0
IN_2024_IN_042.png,GATE_ESE_Papers/IN/IN/IN_2024_IN_042.png,IN,2024,IN,42,NAT,6.00 to 6.30,2,0
IN_2024_IN_043.png,GATE_ESE_Papers/IN/IN/IN_2024_IN_043.png,IN,2024,IN,43,NAT,2 to 2,2,0
IN_2024_IN_044.png,GATE_ESE_Papers/IN/IN/IN_2024_IN_044.png,IN,2024,IN,44,NAT,58 to 62,2,0
IN_2024_IN_045.png,GATE_ESE_Papers/IN/IN/IN_2024_IN_045.png,IN,2024,IN,45,NAT,2 to 2,2,0
IN_2024_IN_046.png,GATE_ESE_Papers/IN/IN/IN_2024_IN_046.png,IN,2024,IN,46,NAT,2.81 to 2.85,2,0
IN_2024_IN_047.png,GATE_ESE_Papers/IN/IN/IN_2024_IN_047.png,IN,2024,IN,47,NAT,9.5 to 10.5,2,0
IN_2024_IN_048.png,GATE_ESE_Papers/IN/IN/IN_2024_IN_048.png,IN,2024,IN,48,NAT,3 to 3,2,0
IN_2024_IN_049.png,GATE_ESE_Papers/IN/IN/IN_2024_IN_049.png,IN,2024,IN,49,NAT,-2.6 to -2.4,2,0
IN_2024_IN_050.png,GATE_ESE_Papers/IN/IN/IN_2024_IN_050.png,IN,2024,IN,50,NAT,0 to 0,2,0
IN_2024_IN_051.png,GATE_ESE_Papers/IN/IN/IN_2024_IN_051.png,IN,2024,IN,51,NAT,95.2 to 95.4,2,0
IN_2024_IN_052.png,GATE_ESE_Papers/IN/IN/IN_2024_IN_052.png,IN,2024,IN,52,NAT,17.00 to 17.30,2,0
IN_2024_IN_053.png,GATE_ESE_Papers/IN/IN/IN_2024_IN_053.png,IN,2024,IN,53,NAT,0.25 to 0.25,2,0
IN_2024_IN_054.png,GATE_ESE_Papers/IN/IN/IN_2024_IN_054.png,IN,2024,IN,54,NAT,33 to 33,2,0
IN_2024_IN_055.png,GATE_ESE_Papers/IN/IN/IN_2024_IN_055.png,IN,2024,IN,55,NAT,0.130 to 0.140,2,0
IN_2025_GA_001.png,GATE_ESE_Papers/IN/GA/IN_2025_GA_001.png,IN,2025,GA,1,MCQ,C,1,0.33
IN_2025_GA_002.png,GATE_ESE_Papers/IN/GA/IN_2025_GA_002.png,IN,2025,GA,2,MCQ,C,1,0.33
IN_2025_GA_003.png,GATE_ESE_Papers/IN/GA/IN_2025_GA_003.png,IN,2025,GA,3,MCQ,A,1,0.33
IN_2025_GA_004.png,GATE_ESE_Papers/IN/GA/IN_2025_GA_004.png,IN,2025,GA,4,MCQ,A,1,0.33
IN_2025_GA_005.png,GATE_ESE_Papers/IN/GA/IN_2025_GA_005.png,IN,2025,GA,5,MCQ,B,1,0.33
IN_2025_GA_006.png,GATE_ESE_Papers/IN/GA/IN_2025_GA_006.png,IN,2025,GA,6,MCQ,B,2,0.67
IN_2025_GA_007.png,GATE_ESE_Papers/IN/GA/IN_2025_GA_007.png,IN,2025,GA,7,MCQ,B,2,0.67
IN_2025_GA_008.png,GATE_ESE_Papers/IN/GA/IN_2025_GA_008.png,IN,2025,GA,8,MCQ,A,2,0.67
IN_2025_GA_009.png,GATE_ESE_Papers/IN/GA/IN_2025_GA_009.png,IN,2025,GA,9,MCQ,D,2,0.67
IN_2025_GA_010.png,GATE_ESE_Papers/IN/GA/IN_2025_GA_010.png,IN,2025,GA,10,MCQ,C,2,0.67
IN_2025_IN_001.png,GATE_ESE_Papers/IN/IN/IN_2025_IN_001.png,IN,2025,IN,1,MCQ,A,1,0.33
IN_2025_IN_002.png,GATE_ESE_Papers/IN/IN/IN_2025_IN_002.png,IN,2025,IN,2,MCQ,A,1,0.33
IN_2025_IN_003.png,GATE_ESE_Papers/IN/IN/IN_2025_IN_003.png,IN,2025,IN,3,MCQ,D,1,0.33
IN_2025_IN_004.png,GATE_ESE_Papers/IN/IN/IN_2025_IN_004.png,IN,2025,IN,4,MCQ,C,1,0.33
IN_2025_IN_005.png,GATE_ESE_Papers/IN/IN/IN_2025_IN_005.png,IN,2025,IN,5,MCQ,D,1,0.33
IN_2025_IN_006.png,GATE_ESE_Papers/IN/IN/IN_2025_IN_006.png,IN,2025,IN,6,MCQ,B,1,0.33
IN_2025_IN_007.png,GATE_ESE_Papers/IN/IN/IN_2025_IN_007.png,IN,2025,IN,7,MCQ,A,1,0.33
IN_2025_IN_008.png,GATE_ESE_Papers/IN/IN/IN_2025_IN_008.png,IN,2025,IN,8,MCQ,A,1,0.33
IN_2025_IN_009.png,GATE_ESE_Papers/IN/IN/IN_2025_IN_009.png,IN,2025,IN,9,MCQ,A,1,0.33
IN_2025_IN_010.png,GATE_ESE_Papers/IN/IN/IN_2025_IN_010.png,IN,2025,IN,10,MCQ,A,1,0.33
IN_2025_IN_011.png,GATE_ESE_Papers/IN/IN/IN_2025_IN_011.png,IN,2025,IN,11,MCQ,A,1,0.33
IN_2025_IN_012.png,GATE_ESE_Papers/IN/IN/IN_2025_IN_012.png,IN,2025,IN,12,MCQ,D,1,0.33
IN_2025_IN_013.png,GATE_ESE_Papers/IN/IN/IN_2025_IN_013.png,IN,2025,IN,13,MCQ,C,1,0.33
IN_2025_IN_014.png,GATE_ESE_Papers/IN/IN/IN_2025_IN_014.png,IN,2025,IN,14,MCQ,A,1,0.33
IN_2025_IN_015.png,GATE_ESE_Papers/IN/IN/IN_2025_IN_015.png,IN,2025,IN,15,MCQ,A,1,0.33
IN_2025_IN_016.png,GATE_ESE_Papers/IN/IN/IN_2025_IN_016.png,IN,2025,IN,16,MCQ,C,1,0.33
IN_2025_IN_017.png,GATE_ESE_Papers/IN/IN/IN_2025_IN_017.png,IN,2025,IN,17,MCQ,D,1,0.33
IN_2025_IN_018.png,GATE_ESE_Papers/IN/IN/IN_2025_IN_018.png,IN,2025,IN,18,MCQ,B,1,0.33
IN_2025_IN_019.png,GATE_ESE_Papers/IN/IN/IN_2025_IN_019.png,IN,2025,IN,19,MCQ,B,1,0.33
IN_2025_IN_020.png,GATE_ESE_Papers/IN/IN/IN_2025_IN_020.png,IN,2025,IN,20,MCQ,A,1,0.33
IN_2025_IN_021.png,GATE_ESE_Papers/IN/IN/IN_2025_IN_021.png,IN,2025,IN,21,MSQ,"B,C,D",1,0
IN_2025_IN_022.png,GATE_ESE_Papers/IN/IN/IN_2025_IN_022.png,IN,2025,IN,22,NAT,2 to 2,1,0
IN_2025_IN_023.png,GATE_ESE_Papers/IN/IN/IN_2025_IN_023.png,IN,2025,IN,23,NAT,2 to 2,1,0
IN_2025_IN_024.png,GATE_ESE_Papers/IN/IN/IN_2025_IN_024.png,IN,2025,IN,24,NAT,125 to 125,1,0
IN_2025_IN_025.png,GATE_ESE_Papers/IN/IN/IN_2025_IN_025.png,IN,2025,IN,25,NAT,3.90 to 4.10,1,0
IN_2025_IN_026.png,GATE_ESE_Papers/IN/IN/IN_2025_IN_026.png,IN,2025,IN,26,MCQ,B,2,0.67
IN_2025_IN_027.png,GATE_ESE_Papers/IN/IN/IN_2025_IN_027.png,IN,2025,IN,27,MCQ,D,2,0.67
IN_2025_IN_028.png,GATE_ESE_Papers/IN/IN/IN_2025_IN_028.png,IN,2025,IN,28,MCQ,C,2,0.67
IN_2025_IN_029.png,GATE_ESE_Papers/IN/IN/IN_2025_IN_029.png,IN,2025,IN,29,MCQ,C,2,0.67
IN_2025_IN_030.png,GATE_ESE_Papers/IN/IN/IN_2025_IN_030.png,IN,2025,IN,30,MCQ,A,2,0.67
IN_2025_IN_031.png,GATE_ESE_Papers/IN/IN/IN_2025_IN_031.png,IN,2025,IN,31,MCQ,A,2,0.67
IN_2025_IN_032.png,GATE_ESE_Papers/IN/IN/IN_2025_IN_032.png,IN,2025,IN,32,MCQ,C,2,0.67
IN_2025_IN_033.png,GATE_ESE_Papers/IN/IN/IN_2025_IN_033.png,IN,2025,IN,33,MCQ,A,2,0.67
IN_2025_IN_034.png,GATE_ESE_Papers/IN/IN/IN_2025_IN_034.png,IN,2025,IN,34,MCQ,C,2,0.67
IN_2025_IN_035.png,GATE_ESE_Papers/IN/IN/IN_2025_IN_035.png,IN,2025,IN,35,MCQ,C,2,0.67
IN_2025_IN_036.png,GATE_ESE_Papers/IN/IN/IN_2025_IN_036.png,IN,2025,IN,36,MCQ,A,2,0.67
IN_2025_IN_037.png,GATE_ESE_Papers/IN/IN/IN_2025_IN_037.png,IN,2025,IN,37,MCQ,B,2,0.67
IN_2025_IN_038.png,GATE_ESE_Papers/IN/IN/IN_2025_IN_038.png,IN,2025,IN,38,MCQ,A,2,0.67
IN_2025_IN_039.png,GATE_ESE_Papers/IN/IN/IN_2025_IN_039.png,IN,2025,IN,39,MSQ,"A,B",2,0
IN_2025_IN_040.png,GATE_ESE_Papers/IN/IN/IN_2025_IN_040.png,IN,2025,IN,40,MSQ,"A,B,C",2,0
IN_2025_IN_041.png,GATE_ESE_Papers/IN/IN/IN_2025_IN_041.png,IN,2025,IN,41,MSQ,"A,C",2,0
IN_2025_IN_042.png,GATE_ESE_Papers/IN/IN/IN_2025_IN_042.png,IN,2025,IN,42,NAT,0.72 to 0.76,2,0
IN_2025_IN_043.png,GATE_ESE_Papers/IN/IN/IN_2025_IN_043.png,IN,2025,IN,43,NAT,1.75 to 1.85,2,0
IN_2025_IN_044.png,GATE_ESE_Papers/IN/IN/IN_2025_IN_044.png,IN,2025,IN,44,NAT,5 to 5,2,0
IN_2025_IN_045.png,GATE_ESE_Papers/IN/IN/IN_2025_IN_045.png,IN,2025,IN,45,NAT,24.5 to 25.5,2,0
IN_2025_IN_046.png,GATE_ESE_Papers/IN/IN/IN_2025_IN_046.png,IN,2025,IN,46,NAT,1.55 to 1.65,2,0
IN_2025_IN_047.png,GATE_ESE_Papers/IN/IN/IN_2025_IN_047.png,IN,2025,IN,47,NAT,4.00 to 4.40,2,0
IN_2025_IN_048.png,GATE_ESE_Papers/IN/IN/IN_2025_IN_048.png,IN,2025,IN,48,NAT,2160 to 2210,2,0
IN_2025_IN_049.png,GATE_ESE_Papers/IN/IN/IN_2025_IN_049.png,IN,2025,IN,49,NAT,MTA*,2,0
IN_2025_IN_050.png,GATE_ESE_Papers/IN/IN/IN_2025_IN_050.png,IN,2025,IN,50,NAT,31.00 to 31.50,2,0
IN_2025_IN_051.png,GATE_ESE_Papers/IN/IN/IN_2025_IN_051.png,IN,2025,IN,51,NAT,9 to 9,2,0
IN_2025_IN_052.png,GATE_ESE_Papers/IN/IN/IN_2025_IN_052.png,IN,2025,IN,52,NAT,4.5 to 5.5,2,0
IN_2025_IN_053.png,GATE_ESE_Papers/IN/IN/IN_2025_IN_053.png,IN,2025,IN,53,NAT,4.60 to 5.00,2,0
IN_2025_IN_054.png,GATE_ESE_Papers/IN/IN/IN_2025_IN_054.png,IN,2025,IN,54,NAT,1.50 to 1.54,2,0
IN_2025_IN_055.png,GATE_ESE_Papers/IN/IN/IN_2025_IN_055.png,IN,2025,IN,55,NAT,590 to 610,2,0
IN_2026_GA_001.png,GATE_ESE_Papers/IN/GA/IN_2026_GA_001.png,IN,2026,GA,1,MCQ,D,1,0.33
IN_2026_GA_002.png,GATE_ESE_Papers/IN/GA/IN_2026_GA_002.png,IN,2026,GA,2,MCQ,C,1,0.33
IN_2026_GA_003.png,GATE_ESE_Papers/IN/GA/IN_2026_GA_003.png,IN,2026,GA,3,MCQ,B,1,0.33
IN_2026_GA_004.png,GATE_ESE_Papers/IN/GA/IN_2026_GA_004.png,IN,2026,GA,4,MCQ,D,1,0.33
IN_2026_GA_005.png,GATE_ESE_Papers/IN/GA/IN_2026_GA_005.png,IN,2026,GA,5,MCQ,C,1,0.33
IN_2026_GA_006.png,GATE_ESE_Papers/IN/GA/IN_2026_GA_006.png,IN,2026,GA,6,MCQ,A,2,0.67
IN_2026_GA_007.png,GATE_ESE_Papers/IN/GA/IN_2026_GA_007.png,IN,2026,GA,7,MCQ,B,2,0.67
IN_2026_GA_008.png,GATE_ESE_Papers/IN/GA/IN_2026_GA_008.png,IN,2026,GA,8,MCQ,B,2,0.67
IN_2026_GA_009.png,GATE_ESE_Papers/IN/GA/IN_2026_GA_009.png,IN,2026,GA,9,MCQ,C,2,0.67
IN_2026_GA_010.png,GATE_ESE_Papers/IN/GA/IN_2026_GA_010.png,IN,2026,GA,10,MCQ,A,2,0.67
IN_2026_IN_001.png,GATE_ESE_Papers/IN/IN/IN_2026_IN_001.png,IN,2026,IN,1,MCQ,C,1,0.33
IN_2026_IN_002.png,GATE_ESE_Papers/IN/IN/IN_2026_IN_002.png,IN,2026,IN,2,MCQ,D,1,0.33
IN_2026_IN_003.png,GATE_ESE_Papers/IN/IN/IN_2026_IN_003.png,IN,2026,IN,3,MCQ,A,1,0.33
IN_2026_IN_004.png,GATE_ESE_Papers/IN/IN/IN_2026_IN_004.png,IN,2026,IN,4,MCQ,A,1,0.33
IN_2026_IN_005.png,GATE_ESE_Papers/IN/IN/IN_2026_IN_005.png,IN,2026,IN,5,MCQ,MTA*,1,0
IN_2026_IN_006.png,GATE_ESE_Papers/IN/IN/IN_2026_IN_006.png,IN,2026,IN,6,MCQ,D,1,0.33
IN_2026_IN_007.png,GATE_ESE_Papers/IN/IN/IN_2026_IN_007.png,IN,2026,IN,7,MCQ,C,1,0.33
IN_2026_IN_008.png,GATE_ESE_Papers/IN/IN/IN_2026_IN_008.png,IN,2026,IN,8,MCQ,A,1,0.33
IN_2026_IN_009.png,GATE_ESE_Papers/IN/IN/IN_2026_IN_009.png,IN,2026,IN,9,MCQ,D,1,0.33
IN_2026_IN_010.png,GATE_ESE_Papers/IN/IN/IN_2026_IN_010.png,IN,2026,IN,10,MCQ,C,1,0.33
IN_2026_IN_011.png,GATE_ESE_Papers/IN/IN/IN_2026_IN_011.png,IN,2026,IN,11,MCQ,B,1,0.33
IN_2026_IN_012.png,GATE_ESE_Papers/IN/IN/IN_2026_IN_012.png,IN,2026,IN,12,MCQ,A,1,0.33
IN_2026_IN_013.png,GATE_ESE_Papers/IN/IN/IN_2026_IN_013.png,IN,2026,IN,13,MCQ,D,1,0.33
IN_2026_IN_014.png,GATE_ESE_Papers/IN/IN/IN_2026_IN_014.png,IN,2026,IN,14,MCQ,B,1,0.33
IN_2026_IN_015.png,GATE_ESE_Papers/IN/IN/IN_2026_IN_015.png,IN,2026,IN,15,MCQ,B,1,0.33
IN_2026_IN_016.png,GATE_ESE_Papers/IN/IN/IN_2026_IN_016.png,IN,2026,IN,16,MCQ,D,1,0.33
IN_2026_IN_017.png,GATE_ESE_Papers/IN/IN/IN_2026_IN_017.png,IN,2026,IN,17,MCQ,D,1,0.33
IN_2026_IN_018.png,GATE_ESE_Papers/IN/IN/IN_2026_IN_018.png,IN,2026,IN,18,MCQ,C,1,0.33
IN_2026_IN_019.png,GATE_ESE_Papers/IN/IN/IN_2026_IN_019.png,IN,2026,IN,19,MSQ,"A,C",1,0
IN_2026_IN_020.png,GATE_ESE_Papers/IN/IN/IN_2026_IN_020.png,IN,2026,IN,20,MSQ,A,1,0
IN_2026_IN_021.png,GATE_ESE_Papers/IN/IN/IN_2026_IN_021.png,IN,2026,IN,21,NAT,1 to 1,1,0
IN_2026_IN_022.png,GATE_ESE_Papers/IN/IN/IN_2026_IN_022.png,IN,2026,IN,22,NAT,5 to 5,1,0
IN_2026_IN_023.png,GATE_ESE_Papers/IN/IN/IN_2026_IN_023.png,IN,2026,IN,23,NAT,25 to 25,1,0
IN_2026_IN_024.png,GATE_ESE_Papers/IN/IN/IN_2026_IN_024.png,IN,2026,IN,24,NAT,11 to 11,1,0
IN_2026_IN_025.png,GATE_ESE_Papers/IN/IN/IN_2026_IN_025.png,IN,2026,IN,25,NAT,63 to 63,1,0
IN_2026_IN_026.png,GATE_ESE_Papers/IN/IN/IN_2026_IN_026.png,IN,2026,IN,26,MCQ,C,2,0.67
IN_2026_IN_027.png,GATE_ESE_Papers/IN/IN/IN_2026_IN_027.png,IN,2026,IN,27,MCQ,A,2,0.67
IN_2026_IN_028.png,GATE_ESE_Papers/IN/IN/IN_2026_IN_028.png,IN,2026,IN,28,MCQ,C,2,0.67
IN_2026_IN_029.png,GATE_ESE_Papers/IN/IN/IN_2026_IN_029.png,IN,2026,IN,29,MCQ,B,2,0.67
IN_2026_IN_030.png,GATE_ESE_Papers/IN/IN/IN_2026_IN_030.png,IN,2026,IN,30,MCQ,B,2,0.67
IN_2026_IN_031.png,GATE_ESE_Papers/IN/IN/IN_2026_IN_031.png,IN,2026,IN,31,MCQ,B,2,0.67
IN_2026_IN_032.png,GATE_ESE_Papers/IN/IN/IN_2026_IN_032.png,IN,2026,IN,32,MCQ,A,2,0.67
IN_2026_IN_033.png,GATE_ESE_Papers/IN/IN/IN_2026_IN_033.png,IN,2026,IN,33,MCQ,A,2,0.67
IN_2026_IN_034.png,GATE_ESE_Papers/IN/IN/IN_2026_IN_034.png,IN,2026,IN,34,MCQ,A,2,0.67
IN_2026_IN_035.png,GATE_ESE_Papers/IN/IN/IN_2026_IN_035.png,IN,2026,IN,35,MCQ,C,2,0.67
IN_2026_IN_036.png,GATE_ESE_Papers/IN/IN/IN_2026_IN_036.png,IN,2026,IN,36,MCQ,C,2,0.67
IN_2026_IN_037.png,GATE_ESE_Papers/IN/IN/IN_2026_IN_037.png,IN,2026,IN,37,MCQ,C,2,0.67
IN_2026_IN_038.png,GATE_ESE_Papers/IN/IN/IN_2026_IN_038.png,IN,2026,IN,38,MCQ,D,2,0.67
IN_2026_IN_039.png,GATE_ESE_Papers/IN/IN/IN_2026_IN_039.png,IN,2026,IN,39,MCQ,B,2,0.67
IN_2026_IN_040.png,GATE_ESE_Papers/IN/IN/IN_2026_IN_040.png,IN,2026,IN,40,MCQ,C,2,0.67
IN_2026_IN_041.png,GATE_ESE_Papers/IN/IN/IN_2026_IN_041.png,IN,2026,IN,41,MCQ,A,2,0.67
IN_2026_IN_042.png,GATE_ESE_Papers/IN/IN/IN_2026_IN_042.png,IN,2026,IN,42,MCQ,A,2,0.67
IN_2026_IN_043.png,GATE_ESE_Papers/IN/IN/IN_2026_IN_043.png,IN,2026,IN,43,MSQ,"A,D",2,0
IN_2026_IN_044.png,GATE_ESE_Papers/IN/IN/IN_2026_IN_044.png,IN,2026,IN,44,MSQ,B,2,0
IN_2026_IN_045.png,GATE_ESE_Papers/IN/IN/IN_2026_IN_045.png,IN,2026,IN,45,MSQ,MTA*,2,0
IN_2026_IN_046.png,GATE_ESE_Papers/IN/IN/IN_2026_IN_046.png,IN,2026,IN,46,MSQ,"B,C",2,0
IN_2026_IN_047.png,GATE_ESE_Papers/IN/IN/IN_2026_IN_047.png,IN,2026,IN,47,NAT,2.4 to 2.6,2,0
IN_2026_IN_048.png,GATE_ESE_Papers/IN/IN/IN_2026_IN_048.png,IN,2026,IN,48,NAT,2490 to 2510,2,0
IN_2026_IN_049.png,GATE_ESE_Papers/IN/IN/IN_2026_IN_049.png,IN,2026,IN,49,NAT,0.49 to 0.51,2,0
IN_2026_IN_050.png,GATE_ESE_Papers/IN/IN/IN_2026_IN_050.png,IN,2026,IN,50,NAT,0.39 to 0.41,2,0
IN_2026_IN_051.png,GATE_ESE_Papers/IN/IN/IN_2026_IN_051.png,IN,2026,IN,51,NAT,512 to 512,2,0
IN_2026_IN_052.png,GATE_ESE_Papers/IN/IN/IN_2026_IN_052.png,IN,2026,IN,52,NAT,1 to 1,2,0
IN_2026_IN_053.png,GATE_ESE_Papers/IN/IN/IN_2026_IN_053.png,IN,2026,IN,53,NAT,0.25 to 0.27,2,0
IN_2026_IN_054.png,GATE_ESE_Papers/IN/IN/IN_2026_IN_054.png,IN,2026,IN,54,NAT,537.00 to 539.00,2,0
IN_2026_IN_055.png,GATE_ESE_Papers/IN/IN/IN_2026_IN_055.png,IN,2026,IN,55,NAT,128 to 128,2,0
